"Product Series","Part No.","Density","Density unit","STR Frequency (MHz)","DTR Frequency (MHz)","Voltage (min) (V)","Voltage (max) (V)","Temp. (min) (⁰C)","Temp. (max) (⁰C)","Package Type","Dimension","Dimension unit","Interface Type","Status-Industrial","Status-Automotive","Automotive Grade","On-Chip ECC (bit)","Additional Spec Information",
"W25H-JV","W25H01JVSFAM","1","Gb","133","80","2.7","3.6","-40","105","SOP","300","MIL","SPI/Dual/Quad","-","P","AG2","1","-"
"W25H-JV","W25H01JVSFAMG","1","Gb","133","80","2.7","3.6","-40","105","SOP","300","MIL","SPI/Dual/Quad","-","P","AG2","1","-"
"W25H-JV","W25H01JVSFSM","1","Gb","133","80","2.7","3.6","-40","125","SOP","300","MIL","SPI/Dual/Quad","-","P","AG1","","-"
"W25H-JV","W25H01JVSFSMG","1","Gb","133","80","2.7","3.6","-40","125","SOP","300","MIL","SPI/Dual/Quad","-","P","AG1","","-"
"W25H-JV","W25H01JVTBAM","1","Gb","133","80","2.7","3.6","-40","105","TFBGA (5x5)","6x8","MM^2","SPI/Dual/Quad","-","P","AG2","1","-"
"W25H-JV","W25H01JVTBAMG","1","Gb","133","80","2.7","3.6","-40","105","TFBGA (5x5)","6x8","MM^2","SPI/Dual/Quad","-","P","AG2","1","-"
"W25H-JV","W25H01JVTBSM","1","Gb","133","80","2.7","3.6","-40","125","TFBGA (5x5)","6x8","MM^2","SPI/Dual/Quad","-","P","AG1","1","-"
"W25H-JV","W25H01JVTBSMG","1","Gb","133","80","2.7","3.6","-40","125","TFBGA (5x5)","6x8","MM^2","SPI/Dual/Quad","-","P","AG1","1","-"
"W25H-JV","W25H01JVZEAM","1","Gb","133","80","2.7","3.6","-40","105","SON","8x6","MM^2","SPI/Dual/Quad","-","P","AG2","1","-"
"W25H-JV","W25H01JVZEAMG","1","Gb","133","80","2.7","3.6","-40","105","SON","8x6","MM^2","SPI/Dual/Quad","-","P","AG2","1","-"
"W25H-JV","W25H01JVZESM","1","Gb","133","80","2.7","3.6","-40","125","SON","8x6","MM^2","SPI/Dual/Quad","-","P","AG1","1","-"
"W25H-JV","W25H01JVZESMG","1","Gb","133","80","2.7","3.6","-40","125","SON","8x6","MM^2","SPI/Dual/Quad","-","P","AG1","1","-"
"W25H-NW","W25H01NWSFAM","1","Gb","133","84","1.7","1.95","-40","105","SOP","300","MIL","SPI/Dual/Quad","-","P","AG2","","-"
"W25H-NW","W25H01NWSFAMG","1","Gb","133","84","1.7","1.95","-40","105","SOP","300","MIL","SPI/Dual/Quad","-","P","AG2","","-"
"W25H-NW","W25H01NWSFSM","1","Gb","133","84","1.7","1.95","-40","125","SOP","300","MIL","SPI/Dual/Quad","-","P","AG1","","-"
"W25H-NW","W25H01NWSFSMG","1","Gb","133","84","1.7","1.95","-40","125","SOP","300","MIL","SPI/Dual/Quad","-","P","AG1","","-"
"W25H-NW","W25H01NWTBAM","1","Gb","133","84","1.7","1.95","-40","105","TFBGA (5x5)","6x8","MM^2","SPI/Dual/Quad","-","P","AG2","","-"
"W25H-NW","W25H01NWTBAMG","1","Gb","133","84","1.7","1.95","-40","105","TFBGA (5x5)","6x8","MM^2","SPI/Dual/Quad","-","P","AG2","","-"
"W25H-NW","W25H01NWTBSM","1","Gb","133","84","1.7","1.95","-40","125","TFBGA (5x5)","6x8","MM^2","SPI/Dual/Quad","-","P","AG1","","-"
"W25H-NW","W25H01NWTBSMG","1","Gb","133","84","1.7","1.95","-40","125","TFBGA (5x5)","6x8","MM^2","SPI/Dual/Quad","-","P","AG1","","-"
"W25H-NW","W25H01NWZEAM","1","Gb","133","84","1.7","1.95","-40","105","SON","8x6","MM^2","SPI/Dual/Quad","-","P","AG2","","-"
"W25H-NW","W25H01NWZEAMG","1","Gb","133","84","1.7","1.95","-40","105","SON","8x6","MM^2","SPI/Dual/Quad","-","P","AG2","","-"
"W25H-NW","W25H01NWZESM","1","Gb","133","84","1.7","1.95","-40","125","SON","8x6","MM^2","SPI/Dual/Quad","-","P","AG1","","-"
"W25H-NW","W25H01NWZESMG","1","Gb","133","84","1.7","1.95","-40","125","SON","8x6","MM^2","SPI/Dual/Quad","-","P","AG1","","-"
"W25H-RV","W25H01RVSFAM","1","Gb","133","104","2.7","3.6","-40","105","SOP","300","MIL","SPI/Dual/Quad","-","UD","AG2","1","-"
"W25H-RV","W25H01RVSFAMG","1","Gb","133","104","2.7","3.6","-40","105","SOP","300","MIL","SPI/Dual/Quad","-","UD","AG2","1","-"
"W25H-RV","W25H01RVSFAQ","1","Gb","133","-","2.7","3.6","-40","105","SOP","300","MIL","SPI/Dual/Quad","-","UD","AG2","1","-"
"W25H-RV","W25H01RVSFAQG","1","Gb","133","-","2.7","3.6","-40","105","SOP","300","MIL","SPI/Dual/Quad","-","UD","AG2","1","-"
"W25H-RV","W25H01RVSFSM","1","Gb","133","104","2.7","3.6","-40","125","SOP","300","MIL","SPI/Dual/Quad","-","UD","AG1","1","-"
"W25H-RV","W25H01RVSFSMG","1","Gb","133","104","2.7","3.6","-40","125","SOP","300","MIL","SPI/Dual/Quad","-","UD","AG1","1","-"
"W25H-RV","W25H01RVSFSQ","1","Gb","133","-","2.7","3.6","-40","125","SOP","300","MIL","SPI/Dual/Quad","-","UD","AG1","1","-"
"W25H-RV","W25H01RVSFSQG","1","Gb","133","-","2.7","3.6","-40","125","SOP","300","MIL","SPI/Dual/Quad","-","UD","AG1","1","-"
"W25H-RV","W25H01RVTBAM","1","Gb","133","104","2.7","3.6","-40","105","TFBGA (5x5)","6x8","MM^2","SPI/Dual/Quad","-","UD","AG2","1","-"
"W25H-RV","W25H01RVTBAMG","1","Gb","133","104","2.7","3.6","-40","105","TFBGA (5x5)","6x8","MM^2","SPI/Dual/Quad","-","UD","AG2","1","-"
"W25H-RV","W25H01RVTBAQ","1","Gb","133","-","2.7","3.6","-40","105","TFBGA (5x5)","6x8","MM^2","SPI/Dual/Quad","-","UD","AG2","1","-"
"W25H-RV","W25H01RVTBAQG","1","Gb","133","-","2.7","3.6","-40","105","TFBGA (5x5)","6x8","MM^2","SPI/Dual/Quad","-","UD","AG2","1","-"
"W25H-RV","W25H01RVTBSM","1","Gb","133","104","2.7","3.6","-40","125","TFBGA (5x5)","6x8","MM^2","SPI/Dual/Quad","-","UD","AG1","1","-"
"W25H-RV","W25H01RVTBSMG","1","Gb","133","104","2.7","3.6","-40","125","TFBGA (5x5)","6x8","MM^2","SPI/Dual/Quad","-","UD","AG1","1","-"
"W25H-RV","W25H01RVTBSQ","1","Gb","133","-","2.7","3.6","-40","125","TFBGA (5x5)","6x8","MM^2","SPI/Dual/Quad","-","UD","AG1","1","-"
"W25H-RV","W25H01RVTBSQG","1","Gb","133","-","2.7","3.6","-40","125","TFBGA (5x5)","6x8","MM^2","SPI/Dual/Quad","-","UD","AG1","1","-"
"W25H-RV","W25H01RVZEAM","1","Gb","133","104","2.7","3.6","-40","105","SON","8x6","MM^2","SPI/Dual/Quad","-","UD","AG2","1","-"
"W25H-RV","W25H01RVZEAMG","1","Gb","133","104","2.7","3.6","-40","105","SON","8x6","MM^2","SPI/Dual/Quad","-","UD","AG2","1","-"
"W25H-RV","W25H01RVZEAQ","1","Gb","133","-","2.7","3.6","-40","105","SON","8x6","MM^2","SPI/Dual/Quad","-","UD","AG2","1","-"
"W25H-RV","W25H01RVZEAQG","1","Gb","133","-","2.7","3.6","-40","105","SON","8x6","MM^2","SPI/Dual/Quad","-","UD","AG2","1","-"
"W25H-RV","W25H01RVZESM","1","Gb","133","104","2.7","3.6","-40","125","SON","8x6","MM^2","SPI/Dual/Quad","-","UD","AG1","1","-"
"W25H-RV","W25H01RVZESMG","1","Gb","133","104","2.7","3.6","-40","125","SON","8x6","MM^2","SPI/Dual/Quad","-","UD","AG1","1","-"
"W25H-RV","W25H01RVZESQ","1","Gb","133","-","2.7","3.6","-40","125","SON","8x6","MM^2","SPI/Dual/Quad","-","UD","AG1","1","-"
"W25H-RV","W25H01RVZESQG","1","Gb","133","-","2.7","3.6","-40","125","SON","8x6","MM^2","SPI/Dual/Quad","-","UD","AG1","1","-"
"W25H-JV","W25H02JVTBAM","2","Gb","133","80","2.7","3.6","-40","105","TFBGA (5x5)","6x8","MM^2","SPI/Dual/Quad","-","P","AG2","1","-"
"W25H-JV","W25H02JVTBAMG","2","Gb","133","80","2.7","3.6","-40","105","TFBGA (5x5)","6x8","MM^2","SPI/Dual/Quad","-","P","AG2","1","-"
"W25H-JV","W25H02JVTBSM","2","Gb","133","80","2.7","3.6","-40","125","TFBGA (5x5)","6x8","MM^2","SPI/Dual/Quad","-","P","AG1","1","-"
"W25H-JV","W25H02JVTBSMG","2","Gb","133","80","2.7","3.6","-40","125","TFBGA (5x5)","6x8","MM^2","SPI/Dual/Quad","-","P","AG1","1","-"
"W25H-NW","W25H02NWTBAM","2","Gb","133","84","1.7","1.95","-40","105","TFBGA (5x5)","6x8","MM^2","SPI/Dual/Quad","-","P","AG2","1","-"
"W25H-NW","W25H02NWTBAMG","2","Gb","133","84","1.7","1.95","-40","105","TFBGA (5x5)","6x8","MM^2","SPI/Dual/Quad","-","P","AG2","1","-"
"W25H-NW","W25H02NWTBSM","2","Gb","133","84","1.7","1.95","-40","125","TFBGA (5x5)","6x8","MM^2","SPI/Dual/Quad","-","P","AG1","1","-"
"W25H-NW","W25H02NWTBSMG","2","Gb","133","84","1.7","1.95","-40","125","TFBGA (5x5)","6x8","MM^2","SPI/Dual/Quad","-","P","AG1","1","-"
"W25H-RV","W25H02RVSFAM","2","Gb","133","104","2.7","3.6","-40","105","SOP","300","MIL","SPI/Dual/Quad","-","UD","AG2","1","-"
"W25H-RV","W25H02RVSFAMG","2","Gb","133","104","2.7","3.6","-40","105","SOP","300","MIL","SPI/Dual/Quad","-","UD","AG2","1","-"
"W25H-RV","W25H02RVSFAQ","2","Gb","133","-","2.7","3.6","-40","105","SOP","300","MIL","SPI/Dual/Quad","-","UD","AG2","1","-"
"W25H-RV","W25H02RVSFAQG","2","Gb","133","-","2.7","3.6","-40","105","SOP","300","MIL","SPI/Dual/Quad","-","UD","AG2","1","-"
"W25H-RV","W25H02RVSFSM","2","Gb","133","104","2.7","3.6","-40","125","SOP","300","MIL","SPI/Dual/Quad","-","UD","AG1","1","-"
"W25H-RV","W25H02RVSFSMG","2","Gb","133","104","2.7","3.6","-40","125","SOP","300","MIL","SPI/Dual/Quad","-","UD","AG1","1","-"
"W25H-RV","W25H02RVSFSQ","2","Gb","133","-","2.7","3.6","-40","125","SOP","300","MIL","SPI/Dual/Quad","-","UD","AG1","1","-"
"W25H-RV","W25H02RVSFSQG","2","Gb","133","-","2.7","3.6","-40","125","SOP","300","MIL","SPI/Dual/Quad","-","UD","AG1","1","-"
"W25H-RV","W25H02RVTBAM","2","Gb","133","104","2.7","3.6","-40","105","TFBGA (5x5)","6x8","MM^2","SPI/Dual/Quad","-","UD","AG2","1","-"
"W25H-RV","W25H02RVTBAMG","2","Gb","133","104","2.7","3.6","-40","105","TFBGA (5x5)","6x8","MM^2","SPI/Dual/Quad","-","UD","AG2","1","-"
"W25H-RV","W25H02RVTBAQ","2","Gb","133","-","2.7","3.6","-40","105","TFBGA (5x5)","6x8","MM^2","SPI/Dual/Quad","-","UD","AG2","1","-"
"W25H-RV","W25H02RVTBAQG","2","Gb","133","-","2.7","3.6","-40","105","TFBGA (5x5)","6x8","MM^2","SPI/Dual/Quad","-","UD","AG2","1","-"
"W25H-RV","W25H02RVTBSM","2","Gb","133","104","2.7","3.6","-40","125","TFBGA (5x5)","6x8","MM^2","SPI/Dual/Quad","-","UD","AG1","1","-"
"W25H-RV","W25H02RVTBSMG","2","Gb","133","104","2.7","3.6","-40","125","TFBGA (5x5)","6x8","MM^2","SPI/Dual/Quad","-","UD","AG1","1","-"
"W25H-RV","W25H02RVTBSQ","2","Gb","133","-","2.7","3.6","-40","125","TFBGA (5x5)","6x8","MM^2","SPI/Dual/Quad","-","UD","AG1","1","-"
"W25H-RV","W25H02RVTBSQG","2","Gb","133","-","2.7","3.6","-40","125","TFBGA (5x5)","6x8","MM^2","SPI/Dual/Quad","-","UD","AG1","1","-"
"W25H-RV","W25H02RVZHAM","2","Gb","133","104","2.7","3.6","-40","105","VSON","8x6","MM^2","SPI/Dual/Quad","-","UD","AG2","1","-"
"W25H-RV","W25H02RVZHAMG","2","Gb","133","104","2.7","3.6","-40","105","VSON","8x6","MM^2","SPI/Dual/Quad","-","UD","AG2","1","-"
"W25H-RV","W25H02RVZHAQ","2","Gb","133","-","2.7","3.6","-40","105","VSON","8x6","MM^2","SPI/Dual/Quad","-","UD","AG2","1","-"
"W25H-RV","W25H02RVZHAQG","2","Gb","133","-","2.7","3.6","-40","105","VSON","8x6","MM^2","SPI/Dual/Quad","-","UD","AG2","1","-"
"W25H-RV","W25H02RVZHSM","2","Gb","133","104","2.7","3.6","-40","125","VSON","8x6","MM^2","SPI/Dual/Quad","-","UD","AG1","1","-"
"W25H-RV","W25H02RVZHSMG","2","Gb","133","104","2.7","3.6","-40","125","VSON","8x6","MM^2","SPI/Dual/Quad","-","UD","AG1","1","-"
"W25H-RV","W25H02RVZHSQ","2","Gb","133","-","2.7","3.6","-40","125","VSON","8x6","MM^2","SPI/Dual/Quad","-","UD","AG1","1","-"
"W25H-RV","W25H02RVZHSQG","2","Gb","133","-","2.7","3.6","-40","125","VSON","8x6","MM^2","SPI/Dual/Quad","-","UD","AG1","1","-"
"W25H-RV","W25H12RVSFAM","128","Mb","166","133","2.7","3.6","-40","105","SOP","300","MIL","SPI/Dual/Quad","-","UD","AG2","1","-"
"W25H-RV","W25H12RVSFAMG","128","Mb","166","133","2.7","3.6","-40","105","SOP","300","MIL","SPI/Dual/Quad","-","UD","AG2","1","-"
"W25H-RV","W25H12RVSFAQ","128","Mb","166","-","2.7","3.6","-40","105","SOP","300","MIL","SPI/Dual/Quad","-","UD","AG2","1","-"
"W25H-RV","W25H12RVSFAQG","128","Mb","166","-","2.7","3.6","-40","105","SOP","300","MIL","SPI/Dual/Quad","-","UD","AG2","1","-"
"W25H-RV","W25H12RVSFSM","128","Mb","166","133","2.7","3.6","-40","125","SOP","300","MIL","SPI/Dual/Quad","-","UD","AG1","1","-"
"W25H-RV","W25H12RVSFSMG","128","Mb","166","133","2.7","3.6","-40","125","SOP","300","MIL","SPI/Dual/Quad","-","UD","AG1","1","-"
"W25H-RV","W25H12RVSFSQ","128","Mb","166","-","2.7","3.6","-40","125","SOP","300","MIL","SPI/Dual/Quad","-","UD","AG1","1","-"
"W25H-RV","W25H12RVSFSQG","128","Mb","166","-","2.7","3.6","-40","125","SOP","300","MIL","SPI/Dual/Quad","-","UD","AG1","1","-"
"W25H-RV","W25H12RVSSAM","128","Mb","166","133","2.7","3.6","-40","105","SOP","208","MIL","SPI/Dual/Quad","-","UD","AG2","1","-"
"W25H-RV","W25H12RVSSAMG","128","Mb","166","133","2.7","3.6","-40","105","SOP","208","MIL","SPI/Dual/Quad","-","UD","AG2","1","-"
"W25H-RV","W25H12RVSSAQ","128","Mb","166","-","2.7","3.6","-40","105","SOP","208","MIL","SPI/Dual/Quad","-","UD","AG2","1","-"
"W25H-RV","W25H12RVSSAQG","128","Mb","166","-","2.7","3.6","-40","105","SOP","208","MIL","SPI/Dual/Quad","-","UD","AG2","1","-"
"W25H-RV","W25H12RVSSSM","128","Mb","166","133","2.7","3.6","-40","125","SOP","208","MIL","SPI/Dual/Quad","-","UD","AG1","1","-"
"W25H-RV","W25H12RVSSSMG","128","Mb","166","133","2.7","3.6","-40","125","SOP","208","MIL","SPI/Dual/Quad","-","UD","AG1","1","-"
"W25H-RV","W25H12RVSSSQ","128","Mb","166","-","2.7","3.6","-40","125","SOP","208","MIL","SPI/Dual/Quad","-","UD","AG1","1","-"
"W25H-RV","W25H12RVSSSQG","128","Mb","166","-","2.7","3.6","-40","125","SOP","208","MIL","SPI/Dual/Quad","-","UD","AG1","1","-"
"W25H-RV","W25H12RVTBAM","128","Mb","166","133","2.7","3.6","-40","105","TFBGA (5x5)","6x8","MM^2","SPI/Dual/Quad","-","UD","AG2","1","-"
"W25H-RV","W25H12RVTBAMG","128","Mb","166","133","2.7","3.6","-40","105","TFBGA (5x5)","6x8","MM^2","SPI/Dual/Quad","-","UD","AG2","1","-"
"W25H-RV","W25H12RVTBAQ","128","Mb","166","-","2.7","3.6","-40","105","TFBGA (5x5)","6x8","MM^2","SPI/Dual/Quad","-","UD","AG2","1","-"
"W25H-RV","W25H12RVTBAQG","128","Mb","166","-","2.7","3.6","-40","105","TFBGA (5x5)","6x8","MM^2","SPI/Dual/Quad","-","UD","AG2","1","-"
"W25H-RV","W25H12RVTBSM","128","Mb","166","133","2.7","3.6","-40","125","TFBGA (5x5)","6x8","MM^2","SPI/Dual/Quad","-","UD","AG1","1","-"
"W25H-RV","W25H12RVTBSMG","128","Mb","166","133","2.7","3.6","-40","125","TFBGA (5x5)","6x8","MM^2","SPI/Dual/Quad","-","UD","AG1","1","-"
"W25H-RV","W25H12RVTBSQ","128","Mb","166","-","2.7","3.6","-40","125","TFBGA (5x5)","6x8","MM^2","SPI/Dual/Quad","-","UD","AG1","1","-"
"W25H-RV","W25H12RVTBSQG","128","Mb","166","-","2.7","3.6","-40","125","TFBGA (5x5)","6x8","MM^2","SPI/Dual/Quad","-","UD","AG1","1","-"
"W25H-RV","W25H12RVZEAM","128","Mb","166","133","2.7","3.6","-40","105","SON","8x6","MM^2","SPI/Dual/Quad","-","UD","AG2","1","-"
"W25H-RV","W25H12RVZEAMG","128","Mb","166","133","2.7","3.6","-40","105","SON","8x6","MM^2","SPI/Dual/Quad","-","UD","AG2","1","-"
"W25H-RV","W25H12RVZEAQ","128","Mb","166","-","2.7","3.6","-40","105","SON","8x6","MM^2","SPI/Dual/Quad","-","UD","AG2","1","-"
"W25H-RV","W25H12RVZEAQG","128","Mb","166","-","2.7","3.6","-40","105","SON","8x6","MM^2","SPI/Dual/Quad","-","UD","AG2","1","-"
"W25H-RV","W25H12RVZESM","128","Mb","166","133","2.7","3.6","-40","125","SON","8x6","MM^2","SPI/Dual/Quad","-","UD","AG1","1","-"
"W25H-RV","W25H12RVZESMG","128","Mb","166","133","2.7","3.6","-40","125","SON","8x6","MM^2","SPI/Dual/Quad","-","UD","AG1","1","-"
"W25H-RV","W25H12RVZESQ","128","Mb","166","-","2.7","3.6","-40","125","SON","8x6","MM^2","SPI/Dual/Quad","-","UD","AG1","1","-"
"W25H-RV","W25H12RVZESQG","128","Mb","166","-","2.7","3.6","-40","125","SON","8x6","MM^2","SPI/Dual/Quad","-","UD","AG1","1","-"
"W25H-RV","W25H12RVZPAM","128","Mb","166","133","2.7","3.6","-40","105","SON","5x6","MM^2","SPI/Dual/Quad","-","UD","AG2","1","-"
"W25H-RV","W25H12RVZPAMG","128","Mb","166","133","2.7","3.6","-40","105","SON","5x6","MM^2","SPI/Dual/Quad","-","UD","AG2","1","-"
"W25H-RV","W25H12RVZPAQ","128","Mb","166","-","2.7","3.6","-40","105","SON","5x6","MM^2","SPI/Dual/Quad","-","UD","AG2","1","-"
"W25H-RV","W25H12RVZPAQG","128","Mb","166","-","2.7","3.6","-40","105","SON","5x6","MM^2","SPI/Dual/Quad","-","UD","AG2","1","-"
"W25H-RV","W25H12RVZPSM","128","Mb","166","133","2.7","3.6","-40","125","SON","5x6","MM^2","SPI/Dual/Quad","-","UD","AG1","1","-"
"W25H-RV","W25H12RVZPSMG","128","Mb","166","133","2.7","3.6","-40","125","SON","5x6","MM^2","SPI/Dual/Quad","-","UD","AG1","1","-"
"W25H-RV","W25H12RVZPSQ","128","Mb","166","-","2.7","3.6","-40","125","SON","5x6","MM^2","SPI/Dual/Quad","-","UD","AG1","1","-"
"W25H-RV","W25H12RVZPSQG","128","Mb","166","-","2.7","3.6","-40","125","SON","5x6","MM^2","SPI/Dual/Quad","-","UD","AG1","1","-"
"W25H-JV","W25H256JVBAM","256","Mb","104","80","2.7","3.6","-40","105","TFBGA (5x5)","6x8","MM^2","SPI/Dual/Quad","-","P","AG2","1","-"
"W25H-JV","W25H256JVBAMG","256","Mb","104","80","2.7","3.6","-40","105","TFBGA (5x5)","6x8","MM^2","SPI/Dual/Quad","-","P","AG2","1","-"
"W25H-JV","W25H256JVBSM","256","Mb","104","80","2.7","3.6","-40","125","TFBGA (5x5)","6x8","MM^2","SPI/Dual/Quad","-","P","AG1","1","-"
"W25H-JV","W25H256JVBSMG","256","Mb","104","80","2.7","3.6","-40","125","TFBGA (5x5)","6x8","MM^2","SPI/Dual/Quad","-","P","AG1","1","-"
"W25H-JV","W25H256JVEAM","256","Mb","104","80","2.7","3.6","-40","105","SON","8x6","MM^2","SPI/Dual/Quad","-","P","AG2","1","-"
"W25H-JV","W25H256JVEAMG","256","Mb","104","80","2.7","3.6","-40","105","SON","8x6","MM^2","SPI/Dual/Quad","-","P","AG2","1","-"
"W25H-JV","W25H256JVESM","256","Mb","104","80","2.7","3.6","-40","125","SON","8x6","MM^2","SPI/Dual/Quad","-","P","AG1","1","-"
"W25H-JV","W25H256JVESMG","256","Mb","104","80","2.7","3.6","-40","125","SON","8x6","MM^2","SPI/Dual/Quad","-","P","AG1","1","-"
"W25H-JV","W25H256JVFAM","256","Mb","104","80","2.7","3.6","-40","105","SOP","300","MIL","SPI/Dual/Quad","-","P","AG2","1","-"
"W25H-JV","W25H256JVFAMG","256","Mb","104","80","2.7","3.6","-40","105","SOP","300","MIL","SPI/Dual/Quad","-","P","AG2","1","-"
"W25H-JV","W25H256JVFSM","256","Mb","104","80","2.7","3.6","-40","125","SOP","300","MIL","SPI/Dual/Quad","-","P","AG1","1","-"
"W25H-JV","W25H256JVFSMG","256","Mb","104","80","2.7","3.6","-40","125","SOP","300","MIL","SPI/Dual/Quad","-","P","AG1","1","-"
"W25H-RV","W25H25RVSFAM","256","Mb","133","104","2.7","3.6","-40","105","SOP","300","MIL","SPI/Dual/Quad","-","UD","AG2","1","-"
"W25H-RV","W25H25RVSFAMG","256","Mb","133","104","2.7","3.6","-40","105","SOP","300","MIL","SPI/Dual/Quad","-","UD","AG2","1","-"
"W25H-RV","W25H25RVSFAQ","256","Mb","133","-","2.7","3.6","-40","105","SOP","300","MIL","SPI/Dual/Quad","-","UD","AG2","1","-"
"W25H-RV","W25H25RVSFAQG","256","Mb","133","-","2.7","3.6","-40","105","SOP","300","MIL","SPI/Dual/Quad","-","UD","AG2","1","-"
"W25H-RV","W25H25RVSFSM","256","Mb","133","104","2.7","3.6","-40","125","SOP","300","MIL","SPI/Dual/Quad","-","UD","AG1","1","-"
"W25H-RV","W25H25RVSFSMG","256","Mb","133","104","2.7","3.6","-40","125","SOP","300","MIL","SPI/Dual/Quad","-","UD","AG1","1","-"
"W25H-RV","W25H25RVSFSQ","256","Mb","133","-","2.7","3.6","-40","125","SOP","300","MIL","SPI/Dual/Quad","-","UD","AG1","1","-"
"W25H-RV","W25H25RVSFSQG","256","Mb","133","-","2.7","3.6","-40","125","SOP","300","MIL","SPI/Dual/Quad","-","UD","AG1","1","-"
"W25H-RV","W25H25RVTBAM","256","Mb","133","104","2.7","3.6","-40","105","TFBGA (5x5)","6x8","MM^2","SPI/Dual/Quad","-","UD","AG2","1","-"
"W25H-RV","W25H25RVTBAMG","256","Mb","133","104","2.7","3.6","-40","105","TFBGA (5x5)","6x8","MM^2","SPI/Dual/Quad","-","UD","AG2","1","-"
"W25H-RV","W25H25RVTBAQ","256","Mb","133","-","2.7","3.6","-40","105","TFBGA (5x5)","6x8","MM^2","SPI/Dual/Quad","-","UD","AG2","1","-"
"W25H-RV","W25H25RVTBAQG","256","Mb","133","-","2.7","3.6","-40","105","TFBGA (5x5)","6x8","MM^2","SPI/Dual/Quad","-","UD","AG2","1","-"
"W25H-RV","W25H25RVTBSM","256","Mb","133","104","2.7","3.6","-40","125","TFBGA (5x5)","6x8","MM^2","SPI/Dual/Quad","-","UD","AG1","1","-"
"W25H-RV","W25H25RVTBSMG","256","Mb","133","104","2.7","3.6","-40","125","TFBGA (5x5)","6x8","MM^2","SPI/Dual/Quad","-","UD","AG1","1","-"
"W25H-RV","W25H25RVTBSQ","256","Mb","133","-","2.7","3.6","-40","125","TFBGA (5x5)","6x8","MM^2","SPI/Dual/Quad","-","UD","AG1","1","-"
"W25H-RV","W25H25RVTBSQG","256","Mb","133","-","2.7","3.6","-40","125","TFBGA (5x5)","6x8","MM^2","SPI/Dual/Quad","-","UD","AG1","1","-"
"W25H-RV","W25H25RVZEAM","256","Mb","133","104","2.7","3.6","-40","105","SON","8x6","MM^2","SPI/Dual/Quad","-","UD","AG2","1","-"
"W25H-RV","W25H25RVZEAMG","256","Mb","133","104","2.7","3.6","-40","105","SON","8x6","MM^2","SPI/Dual/Quad","-","UD","AG2","1","-"
"W25H-RV","W25H25RVZEAQ","256","Mb","133","-","2.7","3.6","-40","105","SON","8x6","MM^2","SPI/Dual/Quad","-","UD","AG2","1","-"
"W25H-RV","W25H25RVZEAQG","256","Mb","133","-","2.7","3.6","-40","105","SON","8x6","MM^2","SPI/Dual/Quad","-","UD","AG2","1","-"
"W25H-RV","W25H25RVZESM","256","Mb","133","104","2.7","3.6","-40","125","SON","8x6","MM^2","SPI/Dual/Quad","-","UD","AG1","1","-"
"W25H-RV","W25H25RVZESMG","256","Mb","133","104","2.7","3.6","-40","125","SON","8x6","MM^2","SPI/Dual/Quad","-","UD","AG1","1","-"
"W25H-RV","W25H25RVZESQ","256","Mb","133","-","2.7","3.6","-40","125","SON","8x6","MM^2","SPI/Dual/Quad","-","UD","AG1","1","-"
"W25H-RV","W25H25RVZESQG","256","Mb","133","-","2.7","3.6","-40","125","SON","8x6","MM^2","SPI/Dual/Quad","-","UD","AG1","1","-"
"W25H-RV","W25H25RVZPAM","256","Mb","133","104","2.7","3.6","-40","105","SON","5x6","MM^2","SPI/Dual/Quad","-","UD","AG2","1","-"
"W25H-RV","W25H25RVZPAMG","256","Mb","133","104","2.7","3.6","-40","105","SON","5x6","MM^2","SPI/Dual/Quad","-","UD","AG2","1","-"
"W25H-RV","W25H25RVZPAQ","256","Mb","133","-","2.7","3.6","-40","105","SON","5x6","MM^2","SPI/Dual/Quad","-","UD","AG2","1","-"
"W25H-RV","W25H25RVZPAQG","256","Mb","133","-","2.7","3.6","-40","105","SON","5x6","MM^2","SPI/Dual/Quad","-","UD","AG2","1","-"
"W25H-RV","W25H25RVZPSM","256","Mb","133","104","2.7","3.6","-40","125","SON","5x6","MM^2","SPI/Dual/Quad","-","UD","AG1","1","-"
"W25H-RV","W25H25RVZPSMG","256","Mb","133","104","2.7","3.6","-40","125","SON","5x6","MM^2","SPI/Dual/Quad","-","UD","AG1","1","-"
"W25H-RV","W25H25RVZPSQ","256","Mb","133","-","2.7","3.6","-40","125","SON","5x6","MM^2","SPI/Dual/Quad","-","UD","AG1","1","-"
"W25H-RV","W25H25RVZPSQG","256","Mb","133","-","2.7","3.6","-40","125","SON","5x6","MM^2","SPI/Dual/Quad","-","UD","AG1","1","-"
"W25H-RV","W25H33RVSNAM","32","Mb","166","133","2.7","3.6","-40","105","SOP","150","MIL","SPI/Dual/Quad","-","UD","AG2","1","-"
"W25H-RV","W25H33RVSNAMG","32","Mb","166","133","2.7","3.6","-40","105","SOP","150","MIL","SPI/Dual/Quad","-","UD","AG2","1","-"
"W25H-RV","W25H33RVSNAQ","32","Mb","166","-","2.7","3.6","-40","105","SOP","150","MIL","SPI/Dual/Quad","-","UD","AG2","1","-"
"W25H-RV","W25H33RVSNAQG","32","Mb","166","-","2.7","3.6","-40","105","SOP","150","MIL","SPI/Dual/Quad","-","UD","AG2","1","-"
"W25H-RV","W25H33RVSNSM","32","Mb","166","133","2.7","3.6","-40","125","SOP","150","MIL","SPI/Dual/Quad","-","UD","AG1","1","-"
"W25H-RV","W25H33RVSNSMG","32","Mb","166","133","2.7","3.6","-40","125","SOP","150","MIL","SPI/Dual/Quad","-","UD","AG1","1","-"
"W25H-RV","W25H33RVSNSQ","32","Mb","166","-","2.7","3.6","-40","125","SOP","150","MIL","SPI/Dual/Quad","-","UD","AG1","1","-"
"W25H-RV","W25H33RVSNSQG","32","Mb","166","-","2.7","3.6","-40","125","SOP","150","MIL","SPI/Dual/Quad","-","UD","AG1","1","-"
"W25H-RV","W25H33RVSSAM","32","Mb","166","133","2.7","3.6","-40","105","SOP","208","MIL","SPI/Dual/Quad","-","UD","AG2","1","-"
"W25H-RV","W25H33RVSSAMG","32","Mb","166","133","2.7","3.6","-40","105","SOP","208","MIL","SPI/Dual/Quad","-","UD","AG2","1","-"
"W25H-RV","W25H33RVSSAQ","32","Mb","166","-","2.7","3.6","-40","105","SOP","208","MIL","SPI/Dual/Quad","-","UD","AG2","1","-"
"W25H-RV","W25H33RVSSAQG","32","Mb","166","-","2.7","3.6","-40","105","SOP","208","MIL","SPI/Dual/Quad","-","UD","AG2","1","-"
"W25H-RV","W25H33RVSSSM","32","Mb","166","133","2.7","3.6","-40","125","SOP","208","MIL","SPI/Dual/Quad","-","UD","AG1","1","-"
"W25H-RV","W25H33RVSSSMG","32","Mb","166","133","2.7","3.6","-40","125","SOP","208","MIL","SPI/Dual/Quad","-","UD","AG1","1","-"
"W25H-RV","W25H33RVSSSQ","32","Mb","166","-","2.7","3.6","-40","125","SOP","208","MIL","SPI/Dual/Quad","-","UD","AG1","1","-"
"W25H-RV","W25H33RVSSSQG","32","Mb","166","-","2.7","3.6","-40","125","SOP","208","MIL","SPI/Dual/Quad","-","UD","AG1","1","-"
"W25H-RV","W25H33RVUUAM","32","Mb","166","133","2.7","3.6","-40","105","USON","4x3","MM^2","SPI/Dual/Quad","-","UD","AG2","1","-"
"W25H-RV","W25H33RVUUAMG","32","Mb","166","133","2.7","3.6","-40","105","USON","4x3","MM^2","SPI/Dual/Quad","-","UD","AG2","1","-"
"W25H-RV","W25H33RVUUAQ","32","Mb","166","-","2.7","3.6","-40","105","USON","4x3","MM^2","SPI/Dual/Quad","-","UD","AG2","1","-"
"W25H-RV","W25H33RVUUAQG","32","Mb","166","-","2.7","3.6","-40","105","USON","4x3","MM^2","SPI/Dual/Quad","-","UD","AG2","1","-"
"W25H-RV","W25H33RVUUSM","32","Mb","166","133","2.7","3.6","-40","125","USON","4x3","MM^2","SPI/Dual/Quad","-","UD","AG1","1","-"
"W25H-RV","W25H33RVUUSMG","32","Mb","166","133","2.7","3.6","-40","125","USON","4x3","MM^2","SPI/Dual/Quad","-","UD","AG1","1","-"
"W25H-RV","W25H33RVUUSQ","32","Mb","166","-","2.7","3.6","-40","125","USON","4x3","MM^2","SPI/Dual/Quad","-","UD","AG1","1","-"
"W25H-RV","W25H33RVUUSQG","32","Mb","166","-","2.7","3.6","-40","125","USON","4x3","MM^2","SPI/Dual/Quad","-","UD","AG1","1","-"
"W25H-RV","W25H33RVXGAM","32","Mb","166","133","2.7","3.6","-40","105","XSON","4x4","MM^2","SPI/Dual/Quad","-","UD","AG2","1","-"
"W25H-RV","W25H33RVXGAMG","32","Mb","166","133","2.7","3.6","-40","105","XSON","4x4","MM^2","SPI/Dual/Quad","-","UD","AG2","1","-"
"W25H-RV","W25H33RVXGAQ","32","Mb","166","-","2.7","3.6","-40","105","XSON","4x4","MM^2","SPI/Dual/Quad","-","UD","AG2","1","-"
"W25H-RV","W25H33RVXGAQG","32","Mb","166","-","2.7","3.6","-40","105","XSON","4x4","MM^2","SPI/Dual/Quad","-","UD","AG2","1","-"
"W25H-RV","W25H33RVXGSM","32","Mb","166","133","2.7","3.6","-40","125","XSON","4x4","MM^2","SPI/Dual/Quad","-","UD","AG1","1","-"
"W25H-RV","W25H33RVXGSMG","32","Mb","166","133","2.7","3.6","-40","125","XSON","4x4","MM^2","SPI/Dual/Quad","-","UD","AG1","1","-"
"W25H-RV","W25H33RVXGSQ","32","Mb","166","-","2.7","3.6","-40","125","XSON","4x4","MM^2","SPI/Dual/Quad","-","UD","AG1","1","-"
"W25H-RV","W25H33RVXGSQG","32","Mb","166","-","2.7","3.6","-40","125","XSON","4x4","MM^2","SPI/Dual/Quad","-","UD","AG1","1","-"
"W25H-RV","W25H33RVZPAM","32","Mb","166","133","2.7","3.6","-40","105","SON","5x6","MM^2","SPI/Dual/Quad","-","UD","AG2","1","-"
"W25H-RV","W25H33RVZPAMG","32","Mb","166","133","2.7","3.6","-40","105","SON","5x6","MM^2","SPI/Dual/Quad","-","UD","AG2","1","-"
"W25H-RV","W25H33RVZPAQ","32","Mb","166","-","2.7","3.6","-40","105","SON","5x6","MM^2","SPI/Dual/Quad","-","UD","AG2","1","-"
"W25H-RV","W25H33RVZPAQG","32","Mb","166","-","2.7","3.6","-40","105","SON","5x6","MM^2","SPI/Dual/Quad","-","UD","AG2","1","-"
"W25H-RV","W25H33RVZPSM","32","Mb","166","133","2.7","3.6","-40","125","SON","5x6","MM^2","SPI/Dual/Quad","-","UD","AG1","1","-"
"W25H-RV","W25H33RVZPSMG","32","Mb","166","133","2.7","3.6","-40","125","SON","5x6","MM^2","SPI/Dual/Quad","-","UD","AG1","1","-"
"W25H-RV","W25H33RVZPSQ","32","Mb","166","-","2.7","3.6","-40","125","SON","5x6","MM^2","SPI/Dual/Quad","-","UD","AG1","1","-"
"W25H-RV","W25H33RVZPSQG","32","Mb","166","-","2.7","3.6","-40","125","SON","5x6","MM^2","SPI/Dual/Quad","-","UD","AG1","1","-"
"W25H-JV","W25H512JVBAM","512","Mb","133","80","2.7","3.6","-40","105","TFBGA (5x5)","6x8","MM^2","SPI/Dual/Quad","-","P","AG2","1","-"
"W25H-JV","W25H512JVBAMG","512","Mb","133","80","2.7","3.6","-40","105","TFBGA (5x5)","6x8","MM^2","SPI/Dual/Quad","-","P","AG2","1","-"
"W25H-JV","W25H512JVBSM","512","Mb","133","80","2.7","3.6","-40","125","TFBGA (5x5)","6x8","MM^2","SPI/Dual/Quad","-","P","AG1","1","-"
"W25H-JV","W25H512JVBSMG","512","Mb","133","80","2.7","3.6","-40","125","TFBGA (5x5)","6x8","MM^2","SPI/Dual/Quad","-","P","AG1","1","-"
"W25H-JV","W25H512JVEAM","512","Mb","133","80","2.7","3.6","-40","105","SON","8x6","MM^2","SPI/Dual/Quad","-","P","AG2","1","-"
"W25H-JV","W25H512JVEAMG","512","Mb","133","80","2.7","3.6","-40","105","SON","8x6","MM^2","SPI/Dual/Quad","-","P","AG2","1","-"
"W25H-JV","W25H512JVESM","512","Mb","133","80","2.7","3.6","-40","125","SON","8x6","MM^2","SPI/Dual/Quad","-","P","AG1","1","-"
"W25H-JV","W25H512JVESMG","512","Mb","133","80","2.7","3.6","-40","125","SON","8x6","MM^2","SPI/Dual/Quad","-","P","AG1","1","-"
"W25H-JV","W25H512JVFAM","512","Mb","133","80","2.7","3.6","-40","105","SOP","300","MIL","SPI/Dual/Quad","-","P","AG2","1","-"
"W25H-JV","W25H512JVFAMG","512","Mb","133","80","2.7","3.6","-40","105","SOP","300","MIL","SPI/Dual/Quad","-","P","AG2","1","-"
"W25H-JV","W25H512JVFSM","512","Mb","133","80","2.7","3.6","-40","125","SOP","300","MIL","SPI/Dual/Quad","-","P","AG1","1","-"
"W25H-JV","W25H512JVFSMG","512","Mb","133","80","2.7","3.6","-40","125","SOP","300","MIL","SPI/Dual/Quad","-","P","AG1","1","-"
"W25H-NW","W25H512NWBAM","512","Mb","133","84","1.7","1.95","-40","105","TFBGA (5x5)","6x8","MM^2","SPI/Dual/Quad","-","P","AG2","1","-"
"W25H-NW","W25H512NWBAMG","512","Mb","133","84","1.7","1.95","-40","105","TFBGA (5x5)","6x8","MM^2","SPI/Dual/Quad","-","P","AG2","1","-"
"W25H-NW","W25H512NWBSM","512","Mb","133","84","1.7","1.95","-40","125","TFBGA (5x5)","6x8","MM^2","SPI/Dual/Quad","-","P","AG1","1","-"
"W25H-NW","W25H512NWBSMG","512","Mb","133","84","1.7","1.95","-40","125","TFBGA (5x5)","6x8","MM^2","SPI/Dual/Quad","-","P","AG1","1","-"
"W25H-NW","W25H512NWEAM","512","Mb","133","84","1.7","1.95","-40","105","SON","8x6","MM^2","SPI/Dual/Quad","-","P","AG2","1","-"
"W25H-NW","W25H512NWEAMG","512","Mb","133","84","1.7","1.95","-40","105","SON","8x6","MM^2","SPI/Dual/Quad","-","P","AG2","1","-"
"W25H-NW","W25H512NWESM","512","Mb","133","84","1.7","1.95","-40","125","SON","8x6","MM^2","SPI/Dual/Quad","-","P","AG1","1","-"
"W25H-NW","W25H512NWESMG","512","Mb","133","84","1.7","1.95","-40","125","SON","8x6","MM^2","SPI/Dual/Quad","-","P","AG1","1","-"
"W25H-NW","W25H512NWFAM","512","Mb","133","84","1.7","1.95","-40","105","SOP","300","MIL","SPI/Dual/Quad","-","P","AG2","1","-"
"W25H-NW","W25H512NWFAMG","512","Mb","133","84","1.7","1.95","-40","105","SOP","300","MIL","SPI/Dual/Quad","-","P","AG2","1","-"
"W25H-NW","W25H512NWFSM","512","Mb","133","84","1.7","1.95","-40","125","SOP","300","MIL","SPI/Dual/Quad","-","P","AG1","1","-"
"W25H-NW","W25H512NWFSMG","512","Mb","133","84","1.7","1.95","-40","125","SOP","300","MIL","SPI/Dual/Quad","-","P","AG1","1","-"
"W25H-RV","W25H51RVSFAM","512","Mb","133","104","2.7","3.6","-40","105","SOP","300","MIL","SPI/Dual/Quad","-","UD","AG2","1","-"
"W25H-RV","W25H51RVSFAMG","512","Mb","133","104","2.7","3.6","-40","105","SOP","300","MIL","SPI/Dual/Quad","-","UD","AG2","1","-"
"W25H-RV","W25H51RVSFAQ","512","Mb","133","-","2.7","3.6","-40","105","SOP","300","MIL","SPI/Dual/Quad","-","UD","AG2","1","-"
"W25H-RV","W25H51RVSFAQG","512","Mb","133","-","2.7","3.6","-40","105","SOP","300","MIL","SPI/Dual/Quad","-","UD","AG2","1","-"
"W25H-RV","W25H51RVSFSM","512","Mb","133","104","2.7","3.6","-40","125","SOP","300","MIL","SPI/Dual/Quad","-","UD","AG1","1","-"
"W25H-RV","W25H51RVSFSMG","512","Mb","133","104","2.7","3.6","-40","125","SOP","300","MIL","SPI/Dual/Quad","-","UD","AG1","1","-"
"W25H-RV","W25H51RVSFSQ","512","Mb","133","-","2.7","3.6","-40","125","SOP","300","MIL","SPI/Dual/Quad","-","UD","AG1","1","-"
"W25H-RV","W25H51RVSFSQG","512","Mb","133","-","2.7","3.6","-40","125","SOP","300","MIL","SPI/Dual/Quad","-","UD","AG1","1","-"
"W25H-RV","W25H51RVTBAM","512","Mb","133","104","2.7","3.6","-40","105","TFBGA (5x5)","6x8","MM^2","SPI/Dual/Quad","-","UD","AG2","1","-"
"W25H-RV","W25H51RVTBAMG","512","Mb","133","104","2.7","3.6","-40","105","TFBGA (5x5)","6x8","MM^2","SPI/Dual/Quad","-","UD","AG2","1","-"
"W25H-RV","W25H51RVTBAQ","512","Mb","133","-","2.7","3.6","-40","105","TFBGA (5x5)","6x8","MM^2","SPI/Dual/Quad","-","UD","AG2","1","-"
"W25H-RV","W25H51RVTBAQG","512","Mb","133","-","2.7","3.6","-40","105","TFBGA (5x5)","6x8","MM^2","SPI/Dual/Quad","-","UD","AG2","1","-"
"W25H-RV","W25H51RVTBSM","512","Mb","133","104","2.7","3.6","-40","125","TFBGA (5x5)","6x8","MM^2","SPI/Dual/Quad","-","UD","AG1","1","-"
"W25H-RV","W25H51RVTBSMG","512","Mb","133","104","2.7","3.6","-40","125","TFBGA (5x5)","6x8","MM^2","SPI/Dual/Quad","-","UD","AG1","1","-"
"W25H-RV","W25H51RVTBSQ","512","Mb","133","-","2.7","3.6","-40","125","TFBGA (5x5)","6x8","MM^2","SPI/Dual/Quad","-","UD","AG1","1","-"
"W25H-RV","W25H51RVTBSQG","512","Mb","133","-","2.7","3.6","-40","125","TFBGA (5x5)","6x8","MM^2","SPI/Dual/Quad","-","UD","AG1","1","-"
"W25H-RV","W25H51RVZEAM","512","Mb","133","104","2.7","3.6","-40","105","SON","8x6","MM^2","SPI/Dual/Quad","-","UD","AG2","1","-"
"W25H-RV","W25H51RVZEAMG","512","Mb","133","104","2.7","3.6","-40","105","SON","8x6","MM^2","SPI/Dual/Quad","-","UD","AG2","1","-"
"W25H-RV","W25H51RVZEAQ","512","Mb","133","-","2.7","3.6","-40","105","SON","8x6","MM^2","SPI/Dual/Quad","-","UD","AG2","1","-"
"W25H-RV","W25H51RVZEAQG","512","Mb","133","-","2.7","3.6","-40","105","SON","8x6","MM^2","SPI/Dual/Quad","-","UD","AG2","1","-"
"W25H-RV","W25H51RVZESM","512","Mb","133","104","2.7","3.6","-40","125","SON","8x6","MM^2","SPI/Dual/Quad","-","UD","AG1","1","-"
"W25H-RV","W25H51RVZESMG","512","Mb","133","104","2.7","3.6","-40","125","SON","8x6","MM^2","SPI/Dual/Quad","-","UD","AG1","1","-"
"W25H-RV","W25H51RVZESQ","512","Mb","133","-","2.7","3.6","-40","125","SON","8x6","MM^2","SPI/Dual/Quad","-","UD","AG1","1","-"
"W25H-RV","W25H51RVZESQG","512","Mb","133","-","2.7","3.6","-40","125","SON","8x6","MM^2","SPI/Dual/Quad","-","UD","AG1","1","-"
"W25H-RV","W25H64RVSNAM","64","Mb","166","133","2.7","3.6","-40","105","SOP","150","MIL","SPI/Dual/Quad","-","UD","AG2","1","-"
"W25H-RV","W25H64RVSNAMG","64","Mb","166","133","2.7","3.6","-40","105","SOP","150","MIL","SPI/Dual/Quad","-","UD","AG2","1","-"
"W25H-RV","W25H64RVSNAQ","64","Mb","166","-","2.7","3.6","-40","105","SOP","150","MIL","SPI/Dual/Quad","-","UD","AG2","1","-"
"W25H-RV","W25H64RVSNAQG","64","Mb","166","-","2.7","3.6","-40","105","SOP","150","MIL","SPI/Dual/Quad","-","UD","AG2","1","-"
"W25H-RV","W25H64RVSNSM","64","Mb","166","133","2.7","3.6","-40","125","SOP","150","MIL","SPI/Dual/Quad","-","UD","AG1","1","-"
"W25H-RV","W25H64RVSNSMG","64","Mb","166","133","2.7","3.6","-40","125","SOP","150","MIL","SPI/Dual/Quad","-","UD","AG1","1","-"
"W25H-RV","W25H64RVSNSQ","64","Mb","166","-","2.7","3.6","-40","125","SOP","150","MIL","SPI/Dual/Quad","-","UD","AG1","1","-"
"W25H-RV","W25H64RVSNSQG","64","Mb","166","-","2.7","3.6","-40","125","SOP","150","MIL","SPI/Dual/Quad","-","UD","AG1","1","-"
"W25H-RV","W25H64RVSSAM","64","Mb","166","133","2.7","3.6","-40","105","SOP","208","MIL","SPI/Dual/Quad","-","UD","AG2","1","-"
"W25H-RV","W25H64RVSSAMG","64","Mb","166","133","2.7","3.6","-40","105","SOP","208","MIL","SPI/Dual/Quad","-","UD","AG2","1","-"
"W25H-RV","W25H64RVSSAQ","64","Mb","166","-","2.7","3.6","-40","105","SOP","208","MIL","SPI/Dual/Quad","-","UD","AG2","1","-"
"W25H-RV","W25H64RVSSAQG","64","Mb","166","-","2.7","3.6","-40","105","SOP","208","MIL","SPI/Dual/Quad","-","UD","AG2","1","-"
"W25H-RV","W25H64RVSSSM","64","Mb","166","133","2.7","3.6","-40","125","SOP","208","MIL","SPI/Dual/Quad","-","UD","AG1","1","-"
"W25H-RV","W25H64RVSSSMG","64","Mb","166","133","2.7","3.6","-40","125","SOP","208","MIL","SPI/Dual/Quad","-","UD","AG1","1","-"
"W25H-RV","W25H64RVSSSQ","64","Mb","166","-","2.7","3.6","-40","125","SOP","208","MIL","SPI/Dual/Quad","-","UD","AG1","1","-"
"W25H-RV","W25H64RVSSSQG","64","Mb","166","-","2.7","3.6","-40","125","SOP","208","MIL","SPI/Dual/Quad","-","UD","AG1","1","-"
"W25H-RV","W25H64RVXGAM","64","Mb","166","133","2.7","3.6","-40","105","XSON","4x4","MM^2","SPI/Dual/Quad","-","UD","AG2","1","-"
"W25H-RV","W25H64RVXGAMG","64","Mb","166","133","2.7","3.6","-40","105","XSON","4x4","MM^2","SPI/Dual/Quad","-","UD","AG2","1","-"
"W25H-RV","W25H64RVXGAQ","64","Mb","166","-","2.7","3.6","-40","105","XSON","4x4","MM^2","SPI/Dual/Quad","-","UD","AG2","1","-"
"W25H-RV","W25H64RVXGAQG","64","Mb","166","-","2.7","3.6","-40","105","XSON","4x4","MM^2","SPI/Dual/Quad","-","UD","AG2","1","-"
"W25H-RV","W25H64RVXGSM","64","Mb","166","133","2.7","3.6","-40","125","XSON","4x4","MM^2","SPI/Dual/Quad","-","UD","AG1","1","-"
"W25H-RV","W25H64RVXGSMG","64","Mb","166","133","2.7","3.6","-40","125","XSON","4x4","MM^2","SPI/Dual/Quad","-","UD","AG1","1","-"
"W25H-RV","W25H64RVXGSQ","64","Mb","166","-","2.7","3.6","-40","125","XSON","4x4","MM^2","SPI/Dual/Quad","-","UD","AG1","1","-"
"W25H-RV","W25H64RVXGSQG","64","Mb","166","-","2.7","3.6","-40","125","XSON","4x4","MM^2","SPI/Dual/Quad","-","UD","AG1","1","-"
"W25H-RV","W25H64RVZPAM","64","Mb","166","133","2.7","3.6","-40","105","SON","5x6","MM^2","SPI/Dual/Quad","-","UD","AG2","1","-"
"W25H-RV","W25H64RVZPAMG","64","Mb","166","133","2.7","3.6","-40","105","SON","5x6","MM^2","SPI/Dual/Quad","-","UD","AG2","1","-"
"W25H-RV","W25H64RVZPAQ","64","Mb","166","-","2.7","3.6","-40","105","SON","5x6","MM^2","SPI/Dual/Quad","-","UD","AG2","1","-"
"W25H-RV","W25H64RVZPAQG","64","Mb","166","-","2.7","3.6","-40","105","SON","5x6","MM^2","SPI/Dual/Quad","-","UD","AG2","1","-"
"W25H-RV","W25H64RVZPSM","64","Mb","166","133","2.7","3.6","-40","125","SON","5x6","MM^2","SPI/Dual/Quad","-","UD","AG1","1","-"
"W25H-RV","W25H64RVZPSMG","64","Mb","166","133","2.7","3.6","-40","125","SON","5x6","MM^2","SPI/Dual/Quad","-","UD","AG1","1","-"
"W25H-RV","W25H64RVZPSQ","64","Mb","166","-","2.7","3.6","-40","125","SON","5x6","MM^2","SPI/Dual/Quad","-","UD","AG1","1","-"
"W25H-RV","W25H64RVZPSQG","64","Mb","166","-","2.7","3.6","-40","125","SON","5x6","MM^2","SPI/Dual/Quad","-","UD","AG1","1","-"
"W25M-JV","W25M512JVBAM","512","Mb","104","52","2.7","3.6","-40","105","TFBGA (5x5)","6x8","MM^2","SPI/Dual/Quad","-","P","AG2","","-"
"W25M-JV","W25M512JVBAMG","512","Mb","104","52","2.7","3.6","-40","105","TFBGA (5x5)","6x8","MM^2","SPI/Dual/Quad","-","P","AG2","","-"
"W25M-JV","W25M512JVBAQ","512","Mb","104","-","2.7","3.6","-40","105","TFBGA (5x5)","6x8","MM^2","SPI/Dual/Quad","-","P","AG2","","-"
"W25M-JV","W25M512JVBAQG","512","Mb","104","-","2.7","3.6","-40","105","TFBGA (5x5)","6x8","MM^2","SPI/Dual/Quad","-","P","AG2","","-"
"W25M-JV","W25M512JVBSM","512","Mb","104","52","2.7","3.6","-40","125","TFBGA (5x5)","6x8","MM^2","SPI/Dual/Quad","-","P","AG1","","-"
"W25M-JV","W25M512JVBSMG","512","Mb","104","52","2.7","3.6","-40","125","TFBGA (5x5)","6x8","MM^2","SPI/Dual/Quad","-","P","AG1","","-"
"W25M-JV","W25M512JVBSQ","512","Mb","104","-","2.7","3.6","-40","125","TFBGA (5x5)","6x8","MM^2","SPI/Dual/Quad","-","P","AG1","","-"
"W25M-JV","W25M512JVBSQG","512","Mb","104","-","2.7","3.6","-40","125","TFBGA (5x5)","6x8","MM^2","SPI/Dual/Quad","-","P","AG1","","-"
"W25M-JV","W25M512JVEAM","512","Mb","104","52","2.7","3.6","-40","105","SON","8x6","MM^2","SPI/Dual/Quad","-","P","AG2","","-"
"W25M-JV","W25M512JVEAMG","512","Mb","104","52","2.7","3.6","-40","105","SON","8x6","MM^2","SPI/Dual/Quad","-","P","AG2","","-"
"W25M-JV","W25M512JVEAQ","512","Mb","104","-","2.7","3.6","-40","105","SON","8x6","MM^2","SPI/Dual/Quad","-","P","AG2","","-"
"W25M-JV","W25M512JVEAQG","512","Mb","104","-","2.7","3.6","-40","105","SON","8x6","MM^2","SPI/Dual/Quad","-","P","AG2","","-"
"W25M-JV","W25M512JVESM","512","Mb","104","52","2.7","3.6","-40","125","SON","8x6","MM^2","SPI/Dual/Quad","-","P","AG1","","-"
"W25M-JV","W25M512JVESMG","512","Mb","104","52","2.7","3.6","-40","125","SON","8x6","MM^2","SPI/Dual/Quad","-","P","AG1","","-"
"W25M-JV","W25M512JVESQ","512","Mb","104","-","2.7","3.6","-40","125","SON","8x6","MM^2","SPI/Dual/Quad","-","P","AG1","","-"
"W25M-JV","W25M512JVESQG","512","Mb","104","-","2.7","3.6","-40","125","SON","8x6","MM^2","SPI/Dual/Quad","-","P","AG1","","-"
"W25M-JV","W25M512JVFAM","512","Mb","104","52","2.7","3.6","-40","105","SOP","300","MIL","SPI/Dual/Quad","-","P","AG2","","-"
"W25M-JV","W25M512JVFAMG","512","Mb","104","52","2.7","3.6","-40","105","SOP","300","MIL","SPI/Dual/Quad","-","P","AG2","","-"
"W25M-JV","W25M512JVFAQ","512","Mb","104","-","2.7","3.6","-40","105","SOP","300","MIL","SPI/Dual/Quad","-","P","AG2","","-"
"W25M-JV","W25M512JVFAQG","512","Mb","104","-","2.7","3.6","-40","105","SOP","300","MIL","SPI/Dual/Quad","-","P","AG2","","-"
"W25M-JV","W25M512JVFSM","512","Mb","104","52","2.7","3.6","-40","125","SOP","300","MIL","SPI/Dual/Quad","-","P","AG1","","-"
"W25M-JV","W25M512JVFSMG","512","Mb","104","52","2.7","3.6","-40","125","SOP","300","MIL","SPI/Dual/Quad","-","P","AG1","","-"
"W25M-JV","W25M512JVFSQ","512","Mb","104","-","2.7","3.6","-40","125","SOP","300","MIL","SPI/Dual/Quad","-","P","AG1","","-"
"W25M-JV","W25M512JVFSQG","512","Mb","104","-","2.7","3.6","-40","125","SOP","300","MIL","SPI/Dual/Quad","-","P","AG1","","-"
"W25M-JW","W25M512JWBAM","512","Mb","104","-","1.7","1.95","-40","105","TFBGA (5x5)","6x8","MM^2","SPI/Dual/Quad","-","P","AG2","","-"
"W25M-JW","W25M512JWBAMG","512","Mb","104","-","1.7","1.95","-40","105","TFBGA (5x5)","6x8","MM^2","SPI/Dual/Quad","-","P","AG2","","-"
"W25M-JW","W25M512JWBIQ","512","Mb","104","-","1.7","1.95","-40","85","TFBGA (5x5)","6x8","MM^2","SPI/Dual/Quad","P","-","-","","-"
"W25M-JW","W25M512JWBIQG","512","Mb","104","-","1.7","1.95","-40","85","TFBGA (5x5)","6x8","MM^2","SPI/Dual/Quad","P","-","-","","-"
"W25M-JW","W25M512JWBSQ","512","Mb","104","-","1.7","1.95","-40","125","TFBGA (5x5)","6x8","MM^2","SPI/Dual/Quad","-","P","AG1","","-"
"W25M-JW","W25M512JWBSQG","512","Mb","104","-","1.7","1.95","-40","125","TFBGA (5x5)","6x8","MM^2","SPI/Dual/Quad","-","P","AG1","","-"
"W25M-JW","W25M512JWEAQ","512","Mb","104","-","1.7","1.95","-40","105","SON","8x6","MM^2","SPI/Dual/Quad","-","P","AG2","","-"
"W25M-JW","W25M512JWEAQG","512","Mb","104","-","1.7","1.95","-40","105","SON","8x6","MM^2","SPI/Dual/Quad","-","P","AG2","","-"
"W25M-JW","W25M512JWEIQ","512","Mb","104","-","1.7","1.95","-40","85","SON","8x6","MM^2","SPI/Dual/Quad","P","-","-","","-"
"W25M-JW","W25M512JWEIQG","512","Mb","104","-","1.7","1.95","-40","85","SON","8x6","MM^2","SPI/Dual/Quad","P","-","-","","-"
"W25M-JW","W25M512JWFIQ","512","Mb","104","-","1.7","1.95","-40","85","SOP","300","MIL","SPI/Dual/Quad","P","-","-","","-"
"W25M-JW","W25M512JWFIQG","512","Mb","104","-","1.7","1.95","-40","85","SOP","300","MIL","SPI/Dual/Quad","P","-","-","","-"
"W25Q-JV","W25Q01JVSFIM","1","Gb","133","66","2.7","3.6","-40","85","SOP","300","MIL","SPI/Dual/Quad","N","-","-","","-"
"W25Q-JV","W25Q01JVSFIMG","1","Gb","133","66","2.7","3.6","-40","85","SOP","300","MIL","SPI/Dual/Quad","N","-","-","","-"
"W25Q-JV","W25Q01JVSFIQ","1","Gb","133","-","2.7","3.6","-40","85","SOP","300","MIL","SPI/Dual/Quad","N","-","-","","-"
"W25Q-JV","W25Q01JVSFIQG","1","Gb","133","-","2.7","3.6","-40","85","SOP","300","MIL","SPI/Dual/Quad","N","-","-","","-"
"W25Q-JV","W25Q01JVSFJQ","1","Gb","133","-","2.7","3.6","-40","105","SOP","300","MIL","SPI/Dual/Quad","N","-","-","","-"
"W25Q-JV","W25Q01JVSFJQG","1","Gb","133","-","2.7","3.6","-40","105","SOP","300","MIL","SPI/Dual/Quad","N","-","-","","-"
"W25Q-JV","W25Q01JVTBIM","1","Gb","133","66","2.7","3.6","-40","85","TFBGA (5x5)","6x8","MM^2","SPI/Dual/Quad","N","-","-","","-"
"W25Q-JV","W25Q01JVTBIMG","1","Gb","133","66","2.7","3.6","-40","85","TFBGA (5x5)","6x8","MM^2","SPI/Dual/Quad","N","-","-","","-"
"W25Q-JV","W25Q01JVTBIQ","1","Gb","133","-","2.7","3.6","-40","85","TFBGA (5x5)","6x8","MM^2","SPI/Dual/Quad","N","-","-","","-"
"W25Q-JV","W25Q01JVTBIQG","1","Gb","133","-","2.7","3.6","-40","85","TFBGA (5x5)","6x8","MM^2","SPI/Dual/Quad","N","-","-","","-"
"W25Q-JV","W25Q01JVTBJQ","1","Gb","133","-","2.7","3.6","-40","105","TFBGA (5x5)","6x8","MM^2","SPI/Dual/Quad","N","-","-","","-"
"W25Q-JV","W25Q01JVTBJQG","1","Gb","133","-","2.7","3.6","-40","105","TFBGA (5x5)","6x8","MM^2","SPI/Dual/Quad","N","-","-","","-"
"W25Q-JV","W25Q01JVZEIM","1","Gb","133","66","2.7","3.6","-40","85","SON","8x6","MM^2","SPI/Dual/Quad","N","-","-","","-"
"W25Q-JV","W25Q01JVZEIMG","1","Gb","133","66","2.7","3.6","-40","85","SON","8x6","MM^2","SPI/Dual/Quad","N","-","-","","-"
"W25Q-JV","W25Q01JVZEIQ","1","Gb","133","-","2.7","3.6","-40","85","SON","8x6","MM^2","SPI/Dual/Quad","N","-","-","","-"
"W25Q-JV","W25Q01JVZEIQG","1","Gb","133","-","2.7","3.6","-40","85","SON","8x6","MM^2","SPI/Dual/Quad","N","-","-","","-"
"W25Q-JV","W25Q01JVZEJQ","1","Gb","133","-","2.7","3.6","-40","105","SON","8x6","MM^2","SPI/Dual/Quad","N","-","-","","-"
"W25Q-JV","W25Q01JVZEJQG","1","Gb","133","-","2.7","3.6","-40","105","SON","8x6","MM^2","SPI/Dual/Quad","N","-","-","","-"
"W25Q-NW","W25Q01NWSFIA","1","Gb","133","-","1.7","1.95","-40","85","SOP","300","MIL","SPI/Dual/Quad","P","-","-","","-"
"W25Q-NW","W25Q01NWSFIAG","1","Gb","133","-","1.7","1.95","-40","85","SOP","300","MIL","SPI/Dual/Quad","P","-","-","","-"
"W25Q-NW","W25Q01NWSFIM","1","Gb","133","84","1.7","1.95","-40","85","SOP","300","MIL","SPI/Dual/Quad","P","-","-","","-"
"W25Q-NW","W25Q01NWSFIMG","1","Gb","133","84","1.7","1.95","-40","85","SOP","300","MIL","SPI/Dual/Quad","P","-","-","","-"
"W25Q-NW","W25Q01NWSFIQ","1","Gb","133","-","1.7","1.95","-40","85","SOP","300","MIL","SPI/Dual/Quad","P","-","-","","-"
"W25Q-NW","W25Q01NWSFIQG","1","Gb","133","-","1.7","1.95","-40","85","SOP","300","MIL","SPI/Dual/Quad","P","-","-","","-"
"W25Q-NW","W25Q01NWSFJM","1","Gb","133","84","1.7","1.95","-40","105","SOP","300","MIL","SPI/Dual/Quad","P","-","-","","-"
"W25Q-NW","W25Q01NWSFJMG","1","Gb","133","84","1.7","1.95","-40","105","SOP","300","MIL","SPI/Dual/Quad","P","-","-","","-"
"W25Q-NW","W25Q01NWSFJQ","1","Gb","133","-","1.7","1.95","-40","105","SOP","300","MIL","SPI/Dual/Quad","P","-","-","","-"
"W25Q-NW","W25Q01NWSFJQG","1","Gb","133","-","1.7","1.95","-40","105","SOP","300","MIL","SPI/Dual/Quad","P","-","-","","-"
"W25Q-NW","W25Q01NWTBIA","1","Gb","133","-","1.7","1.95","-40","85","TFBGA (5x5)","6x8","MM^2","SPI/Dual/Quad","P","-","-","","-"
"W25Q-NW","W25Q01NWTBIAG","1","Gb","133","-","1.7","1.95","-40","85","TFBGA (5x5)","6x8","MM^2","SPI/Dual/Quad","P","-","-","","-"
"W25Q-NW","W25Q01NWTBIM","1","Gb","133","84","1.7","1.95","-40","85","TFBGA (5x5)","6x8","MM^2","SPI/Dual/Quad","P","-","-","","-"
"W25Q-NW","W25Q01NWTBIMG","1","Gb","133","84","1.7","1.95","-40","85","TFBGA (5x5)","6x8","MM^2","SPI/Dual/Quad","P","-","-","","-"
"W25Q-NW","W25Q01NWTBIQ","1","Gb","133","-","1.7","1.95","-40","85","TFBGA (5x5)","6x8","MM^2","SPI/Dual/Quad","P","-","-","","-"
"W25Q-NW","W25Q01NWTBIQG","1","Gb","133","-","1.7","1.95","-40","85","TFBGA (5x5)","6x8","MM^2","SPI/Dual/Quad","P","-","-","","-"
"W25Q-NW","W25Q01NWTBJM","1","Gb","133","84","1.7","1.95","-40","105","TFBGA (5x5)","6x8","MM^2","SPI/Dual/Quad","P","-","-","","-"
"W25Q-NW","W25Q01NWTBJMG","1","Gb","133","84","1.7","1.95","-40","105","TFBGA (5x5)","6x8","MM^2","SPI/Dual/Quad","P","-","-","","-"
"W25Q-NW","W25Q01NWTBJQ","1","Gb","133","-","1.7","1.95","-40","105","TFBGA (5x5)","6x8","MM^2","SPI/Dual/Quad","P","-","-","","-"
"W25Q-NW","W25Q01NWTBJQG","1","Gb","133","-","1.7","1.95","-40","105","TFBGA (5x5)","6x8","MM^2","SPI/Dual/Quad","P","-","-","","-"
"W25Q-NW","W25Q01NWZEIM","1","Gb","133","84","1.7","1.95","-40","85","SON","8x6","MM^2","SPI/Dual/Quad","P","-","-","","-"
"W25Q-NW","W25Q01NWZEIMG","1","Gb","133","84","1.7","1.95","-40","85","SON","8x6","MM^2","SPI/Dual/Quad","P","-","-","","-"
"W25Q-NW","W25Q01NWZEIQ","1","Gb","133","-","1.7","1.95","-40","85","SON","8x6","MM^2","SPI/Dual/Quad","P","-","-","","-"
"W25Q-NW","W25Q01NWZEIQG","1","Gb","133","-","1.7","1.95","-40","85","SON","8x6","MM^2","SPI/Dual/Quad","P","-","-","","-"
"W25Q-NW","W25Q01NWZEJM","1","Gb","133","84","1.7","1.95","-40","105","SON","8x6","MM^2","SPI/Dual/Quad","P","-","-","","-"
"W25Q-NW","W25Q01NWZEJMG","1","Gb","133","84","1.7","1.95","-40","105","SON","8x6","MM^2","SPI/Dual/Quad","P","-","-","","-"
"W25Q-NW","W25Q01NWZEJQ","1","Gb","133","-","1.7","1.95","-40","105","SON","8x6","MM^2","SPI/Dual/Quad","P","-","-","","-"
"W25Q-NW","W25Q01NWZEJQG","1","Gb","133","-","1.7","1.95","-40","105","SON","8x6","MM^2","SPI/Dual/Quad","P","-","-","","-"
"W25Q-RV","W25Q01RVSFJM","1","Gb","133","104","2.7","3.6","-40","105","SOP","300","MIL","SPI/Dual/Quad","P","-","-","1","-"
"W25Q-RV","W25Q01RVSFJMG","1","Gb","133","104","2.7","3.6","-40","105","SOP","300","MIL","SPI/Dual/Quad","P","-","-","1","-"
"W25Q-RV","W25Q01RVSFJQ","1","Gb","133","-","2.7","3.6","-40","105","SOP","300","MIL","SPI/Dual/Quad","P","-","-","1","-"
"W25Q-RV","W25Q01RVSFJQG","1","Gb","133","-","2.7","3.6","-40","105","SOP","300","MIL","SPI/Dual/Quad","P","-","-","1","-"
"W25Q-RV","W25Q01RVTBJM","1","Gb","133","104","2.7","3.6","-40","105","TFBGA (5x5)","6x8","MM^2","SPI/Dual/Quad","P","-","-","1","-"
"W25Q-RV","W25Q01RVTBJMG","1","Gb","133","104","2.7","3.6","-40","105","TFBGA (5x5)","6x8","MM^2","SPI/Dual/Quad","P","-","-","1","-"
"W25Q-RV","W25Q01RVTBJQ","1","Gb","133","-","2.7","3.6","-40","105","TFBGA (5x5)","6x8","MM^2","SPI/Dual/Quad","P","-","-","1","-"
"W25Q-RV","W25Q01RVTBJQG","1","Gb","133","-","2.7","3.6","-40","105","TFBGA (5x5)","6x8","MM^2","SPI/Dual/Quad","P","-","-","1","-"
"W25Q-RV","W25Q01RVZEJM","1","Gb","133","104","2.7","3.6","-40","105","SON","8x6","MM^2","SPI/Dual/Quad","P","-","-","1","-"
"W25Q-RV","W25Q01RVZEJMG","1","Gb","133","104","2.7","3.6","-40","105","SON","8x6","MM^2","SPI/Dual/Quad","P","-","-","1","-"
"W25Q-RV","W25Q01RVZEJQ","1","Gb","133","-","2.7","3.6","-40","105","SON","8x6","MM^2","SPI/Dual/Quad","P","-","-","1","-"
"W25Q-RV","W25Q01RVZEJQG","1","Gb","133","-","2.7","3.6","-40","105","SON","8x6","MM^2","SPI/Dual/Quad","P","-","-","1","-"
"W25Q-RW","W25Q01RWSFJM","1","Gb","166","133","1.65","1.95","-40","105","SOP","300","MIL","SPI/Dual/Quad","UD","-","-","1","-"
"W25Q-RW","W25Q01RWSFJMG","1","Gb","166","133","1.65","1.95","-40","105","SOP","300","MIL","SPI/Dual/Quad","UD","-","-","1","-"
"W25Q-RW","W25Q01RWSFJN","1","Gb","166","-","1.65","1.95","-40","105","SOP","300","MIL","SPI/Dual/Quad","UD","-","-","1","-"
"W25Q-RW","W25Q01RWSFJNG","1","Gb","166","-","1.65","1.95","-40","105","SOP","300","MIL","SPI/Dual/Quad","UD","-","-","1","-"
"W25Q-RW","W25Q01RWSFJQ","1","Gb","166","-","1.65","1.95","-40","105","SOP","300","MIL","SPI/Dual/Quad","UD","-","-","1","-"
"W25Q-RW","W25Q01RWSFJQG","1","Gb","166","-","1.65","1.95","-40","105","SOP","300","MIL","SPI/Dual/Quad","UD","-","-","1","-"
"W25Q-RW","W25Q01RWTBJM","1","Gb","166","133","1.65","1.95","-40","105","TFBGA (5x5)","6x8","MM^2","SPI/Dual/Quad","UD","-","-","1","-"
"W25Q-RW","W25Q01RWTBJMG","1","Gb","166","133","1.65","1.95","-40","105","TFBGA (5x5)","6x8","MM^2","SPI/Dual/Quad","UD","-","-","1","-"
"W25Q-RW","W25Q01RWTBJQ","1","Gb","166","-","1.65","1.95","-40","105","TFBGA (5x5)","6x8","MM^2","SPI/Dual/Quad","UD","-","-","1","-"
"W25Q-RW","W25Q01RWTBJQG","1","Gb","166","-","1.65","1.95","-40","105","TFBGA (5x5)","6x8","MM^2","SPI/Dual/Quad","UD","-","-","1","-"
"W25Q-RW","W25Q01RWTBJV","1","Gb","166","-","1.65","1.95","-40","105","TFBGA (5x5)","6x8","MM^2","SPI/Dual/Quad","UD","-","-","1","-"
"W25Q-RW","W25Q01RWTBJVG","1","Gb","166","-","1.65","1.95","-40","105","TFBGA (5x5)","6x8","MM^2","SPI/Dual/Quad","UD","-","-","1","-"
"W25Q-RW","W25Q01RWZEJM","1","Gb","166","133","1.65","1.95","-40","105","SON","8x6","MM^2","SPI/Dual/Quad","UD","-","-","1","-"
"W25Q-RW","W25Q01RWZEJMG","1","Gb","166","133","1.65","1.95","-40","105","SON","8x6","MM^2","SPI/Dual/Quad","UD","-","-","1","-"
"W25Q-RW","W25Q01RWZEJN","1","Gb","166","-","1.65","1.95","-40","105","SON","8x6","MM^2","SPI/Dual/Quad","UD","-","-","1","-"
"W25Q-RW","W25Q01RWZEJNG","1","Gb","166","-","1.65","1.95","-40","105","SON","8x6","MM^2","SPI/Dual/Quad","UD","-","-","1","-"
"W25Q-RW","W25Q01RWZEJQ","1","Gb","166","-","1.65","1.95","-40","105","SON","8x6","MM^2","SPI/Dual/Quad","UD","-","-","1","-"
"W25Q-RW","W25Q01RWZEJQG","1","Gb","166","-","1.65","1.95","-40","105","SON","8x6","MM^2","SPI/Dual/Quad","UD","-","-","1","-"
"W25Q-JV","W25Q02JVTBIM","2","Gb","133","66","2.7","3.6","-40","85","TFBGA (5x5)","6x8","MM^2","SPI/Dual/Quad","N","-","-","","-"
"W25Q-JV","W25Q02JVTBIMG","2","Gb","133","66","2.7","3.6","-40","85","TFBGA (5x5)","6x8","MM^2","SPI/Dual/Quad","N","-","-","","-"
"W25Q-NW","W25Q02NWTBIA","2","Gb","133","84","1.7","1.95","-40","85","TFBGA (5x5)","6x8","MM^2","SPI/Dual/Quad","P","-","-","","-"
"W25Q-NW","W25Q02NWTBIAG","2","Gb","133","84","1.7","1.95","-40","85","TFBGA (5x5)","6x8","MM^2","SPI/Dual/Quad","P","-","-","","-"
"W25Q-NW","W25Q02NWTBIM","2","Gb","133","84","1.7","1.95","-40","85","TFBGA (5x5)","6x8","MM^2","SPI/Dual/Quad","P","-","-","","-"
"W25Q-NW","W25Q02NWTBIMG","2","Gb","133","84","1.7","1.95","-40","85","TFBGA (5x5)","6x8","MM^2","SPI/Dual/Quad","P","-","-","","-"
"W25Q-RV","W25Q02RVSFJM","2","Gb","133","104","2.7","3.6","-40","105","SOP","300","MIL","SPI/Dual/Quad","P","-","-","1","-"
"W25Q-RV","W25Q02RVSFJMG","2","Gb","133","104","2.7","3.6","-40","105","SOP","300","MIL","SPI/Dual/Quad","P","-","-","1","-"
"W25Q-RV","W25Q02RVSFJQ","2","Gb","133","-","2.7","3.6","-40","105","SOP","300","MIL","SPI/Dual/Quad","P","-","-","1","-"
"W25Q-RV","W25Q02RVSFJQG","2","Gb","133","-","2.7","3.6","-40","105","SOP","300","MIL","SPI/Dual/Quad","P","-","-","1","-"
"W25Q-RV","W25Q02RVTBJM","2","Gb","133","104","2.7","3.6","-40","105","TFBGA (5x5)","6x8","MM^2","SPI/Dual/Quad","P","-","-","1","-"
"W25Q-RV","W25Q02RVTBJMG","2","Gb","133","104","2.7","3.6","-40","105","TFBGA (5x5)","6x8","MM^2","SPI/Dual/Quad","P","-","-","1","-"
"W25Q-RV","W25Q02RVTBJQ","2","Gb","133","-","2.7","3.6","-40","105","TFBGA (5x5)","6x8","MM^2","SPI/Dual/Quad","P","-","-","1","-"
"W25Q-RV","W25Q02RVTBJQG","2","Gb","133","-","2.7","3.6","-40","105","TFBGA (5x5)","6x8","MM^2","SPI/Dual/Quad","P","-","-","1","-"
"W25Q-RV","W25Q02RVZEJM","2","Gb","133","104","2.7","3.6","-40","105","SON","8x6","MM^2","SPI/Dual/Quad","P","-","-","1","-"
"W25Q-RV","W25Q02RVZEJMG","2","Gb","133","104","2.7","3.6","-40","105","SON","8x6","MM^2","SPI/Dual/Quad","P","-","-","1","-"
"W25Q-RV","W25Q02RVZEJQ","2","Gb","133","-","2.7","3.6","-40","105","SON","8x6","MM^2","SPI/Dual/Quad","P","-","-","1","-"
"W25Q-RV","W25Q02RVZEJQG","2","Gb","133","-","2.7","3.6","-40","105","SON","8x6","MM^2","SPI/Dual/Quad","P","-","-","1","-"
"W25Q-RW","W25Q02RWSFJM","2","Gb","166","133","1.65","1.95","-40","105","SOP","300","MIL","SPI/Dual/Quad","UD","-","-","1","-"
"W25Q-RW","W25Q02RWSFJMG","2","Gb","166","133","1.65","1.95","-40","105","SOP","300","MIL","SPI/Dual/Quad","UD","-","-","1","-"
"W25Q-RW","W25Q02RWTBJM","2","Gb","166","133","1.65","1.95","-40","105","TFBGA (5x5)","6x8","MM^2","SPI/Dual/Quad","UD","-","-","1","-"
"W25Q-RW","W25Q02RWTBJMG","2","Gb","166","133","1.65","1.95","-40","105","TFBGA (5x5)","6x8","MM^2","SPI/Dual/Quad","UD","-","-","1","-"
"W25Q-RW","W25Q02RWTBJV","2","Gb","166","-","1.65","1.95","-40","105","TFBGA (5x5)","6x8","MM^2","SPI/Dual/Quad","UD","-","-","1","-"
"W25Q-RW","W25Q02RWTBJVG","2","Gb","166","-","1.65","1.95","-40","105","TFBGA (5x5)","6x8","MM^2","SPI/Dual/Quad","UD","-","-","1","-"
"W25Q-RW","W25Q02RWZEJM","","","166","133","1.65","1.95","","","","","","SPI/Dual/Quad","UD","-","-","","-"
"W25Q-RW","W25Q02RWZEJMG","","","166","133","1.65","1.95","","","","","","SPI/Dual/Quad","UD","-","-","","-"
"W25Q-EW","W25Q10EWUXIE","1","Mb","104","-","1.65","1.95","-40","85","USON","2x3","MM^2","SPI/Dual/Quad","P","-","-","","-"
"W25Q-EW","W25Q10EWUXIEG","1","Mb","104","-","1.65","1.95","-40","85","USON","2x3","MM^2","SPI/Dual/Quad","P","-","-","","-"
"W25Q-RL","W25Q10RLSNJM","1","Mb","133","84","2.3","3.6","-40","105","SOP","150","MIL","SPI/Dual/Quad","P","-","-","","-"
"W25Q-RL","W25Q10RLSNJMG","1","Mb","133","84","2.3","3.6","-40","105","SOP","150","MIL","SPI/Dual/Quad","P","-","-","","-"
"W25Q-RL","W25Q10RLSNJQ","1","Mb","133","-","2.3","3.6","-40","105","SOP","150","MIL","SPI/Dual/Quad","P","-","-","","-"
"W25Q-RL","W25Q10RLSNJQG","1","Mb","133","-","2.3","3.6","-40","105","SOP","150","MIL","SPI/Dual/Quad","P","-","-","","-"
"W25Q-RL","W25Q10RLXHJM","1","Mb","133","84","2.3","3.6","-40","105","XSON","2x3","MM^2","SPI/Dual/Quad","P","-","-","","-"
"W25Q-RL","W25Q10RLXHJMG","1","Mb","133","84","2.3","3.6","-40","105","XSON","2x3","MM^2","SPI/Dual/Quad","P","-","-","","-"
"W25Q-RL","W25Q10RLXHJQ","1","Mb","133","-","2.3","3.6","-40","105","XSON","2x3","MM^2","SPI/Dual/Quad","P","-","-","","-"
"W25Q-RL","W25Q10RLXHJQG","1","Mb","133","-","2.3","3.6","-40","105","XSON","2x3","MM^2","SPI/Dual/Quad","P","-","-","","-"
"W25Q-JV","W25Q128JVBAM","128","Mb","133","66","2.7","3.6","-40","105","TFBGA (5x5)","6x8","MM^2","SPI/Dual/Quad","-","P","AG2","","-"
"W25Q-JV","W25Q128JVBAMG","128","Mb","133","66","2.7","3.6","-40","105","TFBGA (5x5)","6x8","MM^2","SPI/Dual/Quad","-","P","AG2","","-"
"W25Q-JV","W25Q128JVBAQ","128","Mb","133","-","2.7","3.6","-40","105","TFBGA (5x5)","6x8","MM^2","SPI/Dual/Quad","-","P","AG2","","-"
"W25Q-JV","W25Q128JVBAQG","128","Mb","133","-","2.7","3.6","-40","105","TFBGA (5x5)","6x8","MM^2","SPI/Dual/Quad","-","P","AG2","","-"
"W25Q-JV","W25Q128JVBIM","128","Mb","133","66","2.7","3.6","-40","85","TFBGA (5x5)","6x8","MM^2","SPI/Dual/Quad","N","-","-","","-"
"W25Q-JV","W25Q128JVBIMG","128","Mb","133","66","2.7","3.6","-40","85","TFBGA (5x5)","6x8","MM^2","SPI/Dual/Quad","N","-","-","","-"
"W25Q-JV","W25Q128JVBIQ","128","Mb","133","-","2.7","3.6","-40","85","TFBGA (5x5)","6x8","MM^2","SPI/Dual/Quad","N","-","-","","-"
"W25Q-JV","W25Q128JVBIQG","128","Mb","133","-","2.7","3.6","-40","85","TFBGA (5x5)","6x8","MM^2","SPI/Dual/Quad","N","-","-","","-"
"W25Q-JV","W25Q128JVBJM","128","Mb","133","66","2.7","3.6","-40","105","TFBGA (5x5)","6x8","MM^2","SPI/Dual/Quad","N","-","-","","-"
"W25Q-JV","W25Q128JVBJMG","128","Mb","133","66","2.7","3.6","-40","105","TFBGA (5x5)","6x8","MM^2","SPI/Dual/Quad","N","-","-","","-"
"W25Q-JV","W25Q128JVBJQ","128","Mb","133","-","2.7","3.6","-40","105","TFBGA (5x5)","6x8","MM^2","SPI/Dual/Quad","N","-","-","","-"
"W25Q-JV","W25Q128JVBJQG","128","Mb","133","-","2.7","3.6","-40","105","TFBGA (5x5)","6x8","MM^2","SPI/Dual/Quad","N","-","-","","-"
"W25Q-JV","W25Q128JVBSM","128","Mb","133","66","2.7","3.6","-40","125","TFBGA (5x5)","6x8","MM^2","SPI/Dual/Quad","-","P","AG1","","-"
"W25Q-JV","W25Q128JVBSMG","128","Mb","133","66","2.7","3.6","-40","125","TFBGA (5x5)","6x8","MM^2","SPI/Dual/Quad","-","P","AG1","","-"
"W25Q-JV","W25Q128JVBSQ","128","Mb","133","-","2.7","3.6","-40","125","TFBGA (5x5)","6x8","MM^2","SPI/Dual/Quad","-","P","AG1","","-"
"W25Q-JV","W25Q128JVBSQG","128","Mb","133","-","2.7","3.6","-40","125","TFBGA (5x5)","6x8","MM^2","SPI/Dual/Quad","-","P","AG1","","-"
"W25Q-JV","W25Q128JVCAQ","128","Mb","133","-","2.7","3.6","-40","105","TFBGA (5x5)","6x8","MM^2","SPI/Dual/Quad","-","P","AG2","","-"
"W25Q-JV","W25Q128JVCAQG","128","Mb","133","-","2.7","3.6","-40","105","TFBGA (5x5)","6x8","MM^2","SPI/Dual/Quad","-","P","AG2","","-"
"W25Q-JV","W25Q128JVCIM","128","Mb","133","66","2.7","3.6","-40","85","TFBGA (4x6)","6x8","MM^2","SPI/Dual/Quad","N","-","-","","-"
"W25Q-JV","W25Q128JVCIMG","128","Mb","133","66","2.7","3.6","-40","85","TFBGA (4x6)","6x8","MM^2","SPI/Dual/Quad","N","-","-","","-"
"W25Q-JV","W25Q128JVCIQ","128","Mb","133","-","2.7","3.6","-40","85","TFBGA (4x6)","6x8","MM^2","SPI/Dual/Quad","N","-","-","","-"
"W25Q-JV","W25Q128JVCIQG","128","Mb","133","-","2.7","3.6","-40","85","TFBGA (4x6)","6x8","MM^2","SPI/Dual/Quad","N","-","-","","-"
"W25Q-JV","W25Q128JVCJQ","128","Mb","133","-","2.7","3.6","-40","105","TFBGA (4x6)","6x8","MM^2","SPI/Dual/Quad","N","-","-","","-"
"W25Q-JV","W25Q128JVCJQG","128","Mb","133","-","2.7","3.6","-40","105","TFBGA (4x6)","6x8","MM^2","SPI/Dual/Quad","N","-","-","","-"
"W25Q-JV","W25Q128JVCSQ","128","Mb","133","-","2.7","3.6","-40","125","TFBGA (5x5)","6x8","MM^2","SPI/Dual/Quad","-","P","AG1","","-"
"W25Q-JV","W25Q128JVCSQG","128","Mb","133","-","2.7","3.6","-40","125","TFBGA (5x5)","6x8","MM^2","SPI/Dual/Quad","-","P","AG1","","-"
"W25Q-JV","W25Q128JVEAM","128","Mb","133","66","2.7","3.6","-40","105","SON","8x6","MM^2","SPI/Dual/Quad","-","P","AG2","","-"
"W25Q-JV","W25Q128JVEAMG","128","Mb","133","66","2.7","3.6","-40","105","SON","8x6","MM^2","SPI/Dual/Quad","-","P","AG2","","-"
"W25Q-JV","W25Q128JVEAQ","128","Mb","133","-","2.7","3.6","-40","105","SON","8x6","MM^2","SPI/Dual/Quad","-","P","AG2","","-"
"W25Q-JV","W25Q128JVEAQG","128","Mb","133","-","2.7","3.6","-40","105","SON","8x6","MM^2","SPI/Dual/Quad","-","P","AG2","","-"
"W25Q-JV","W25Q128JVEIM","128","Mb","133","66","2.7","3.6","-40","85","SON","8x6","MM^2","SPI/Dual/Quad","N","-","-","","-"
"W25Q-JV","W25Q128JVEIMG","128","Mb","133","66","2.7","3.6","-40","85","SON","8x6","MM^2","SPI/Dual/Quad","N","-","-","","-"
"W25Q-JV","W25Q128JVEIN","128","Mb","133","-","2.7","3.6","-40","85","SON","8x6","MM^2","SPI/Dual/Quad","N","-","-","","DRV=75%"
"W25Q-JV","W25Q128JVEING","128","Mb","133","-","2.7","3.6","-40","85","SON","8x6","MM^2","SPI/Dual/Quad","N","-","-","","DRV=75%"
"W25Q-JV","W25Q128JVEIQ","128","Mb","133","-","2.7","3.6","-40","85","SON","8x6","MM^2","SPI/Dual/Quad","N","-","-","","-"
"W25Q-JV","W25Q128JVEIQG","128","Mb","133","-","2.7","3.6","-40","85","SON","8x6","MM^2","SPI/Dual/Quad","N","-","-","","-"
"W25Q-JV","W25Q128JVEJM","128","Mb","133","66","2.7","3.6","-40","105","SON","8x6","MM^2","SPI/Dual/Quad","N","-","-","","-"
"W25Q-JV","W25Q128JVEJMG","128","Mb","133","66","2.7","3.6","-40","105","SON","8x6","MM^2","SPI/Dual/Quad","N","-","-","","-"
"W25Q-JV","W25Q128JVEJQ","128","Mb","133","-","2.7","3.6","-40","105","SON","8x6","MM^2","SPI/Dual/Quad","N","-","-","","-"
"W25Q-JV","W25Q128JVEJQG","128","Mb","133","-","2.7","3.6","-40","105","SON","8x6","MM^2","SPI/Dual/Quad","N","-","-","","-"
"W25Q-JV","W25Q128JVESM","128","Mb","133","66","2.7","3.6","-40","125","SON","8x6","MM^2","SPI/Dual/Quad","-","P","AG1","","-"
"W25Q-JV","W25Q128JVESMG","128","Mb","133","66","2.7","3.6","-40","125","SON","8x6","MM^2","SPI/Dual/Quad","-","P","AG1","","-"
"W25Q-JV","W25Q128JVESQ","128","Mb","133","-","2.7","3.6","-40","125","SON","8x6","MM^2","SPI/Dual/Quad","-","P","AG1","","-"
"W25Q-JV","W25Q128JVESQG","128","Mb","133","-","2.7","3.6","-40","125","SON","8x6","MM^2","SPI/Dual/Quad","-","P","AG1","","-"
"W25Q-JV","W25Q128JVFAM","128","Mb","133","66","2.7","3.6","-40","105","SOP","300","MIL","SPI/Dual/Quad","-","P","AG2","","-"
"W25Q-JV","W25Q128JVFAMG","128","Mb","133","66","2.7","3.6","-40","105","SOP","300","MIL","SPI/Dual/Quad","-","P","AG2","","-"
"W25Q-JV","W25Q128JVFAQ","128","Mb","133","-","2.7","3.6","-40","105","SOP","300","MIL","SPI/Dual/Quad","-","P","AG2","","-"
"W25Q-JV","W25Q128JVFAQG","128","Mb","133","-","2.7","3.6","-40","105","SOP","300","MIL","SPI/Dual/Quad","-","P","AG2","","-"
"W25Q-JV","W25Q128JVFIM","128","Mb","133","66","2.7","3.6","-40","85","SOP","300","MIL","SPI/Dual/Quad","N","-","-","","-"
"W25Q-JV","W25Q128JVFIMG","128","Mb","133","66","2.7","3.6","-40","85","SOP","300","MIL","SPI/Dual/Quad","N","-","-","","-"
"W25Q-JV","W25Q128JVFIQ","128","Mb","133","-","2.7","3.6","-40","85","SOP","300","MIL","SPI/Dual/Quad","N","-","-","","-"
"W25Q-JV","W25Q128JVFIQG","128","Mb","133","-","2.7","3.6","-40","85","SOP","300","MIL","SPI/Dual/Quad","N","-","-","","-"
"W25Q-JV","W25Q128JVFJM","128","Mb","133","66","2.7","3.6","-40","105","SOP","300","MIL","SPI/Dual/Quad","N","-","-","","-"
"W25Q-JV","W25Q128JVFJMG","128","Mb","133","66","2.7","3.6","-40","105","SOP","300","MIL","SPI/Dual/Quad","N","-","-","","-"
"W25Q-JV","W25Q128JVFJQ","128","Mb","133","-","2.7","3.6","-40","105","SOP","300","MIL","SPI/Dual/Quad","N","-","-","","-"
"W25Q-JV","W25Q128JVFJQG","128","Mb","133","-","2.7","3.6","-40","105","SOP","300","MIL","SPI/Dual/Quad","N","-","-","","-"
"W25Q-JV","W25Q128JVFSM","128","Mb","133","66","2.7","3.6","-40","125","SOP","300","MIL","SPI/Dual/Quad","-","P","AG1","","-"
"W25Q-JV","W25Q128JVFSMG","128","Mb","133","66","2.7","3.6","-40","125","SOP","300","MIL","SPI/Dual/Quad","-","P","AG1","","-"
"W25Q-JV","W25Q128JVFSQ","128","Mb","133","-","2.7","3.6","-40","125","SOP","300","MIL","SPI/Dual/Quad","-","P","AG1","","-"
"W25Q-JV","W25Q128JVFSQG","128","Mb","133","-","2.7","3.6","-40","125","SOP","300","MIL","SPI/Dual/Quad","-","P","AG1","","-"
"W25Q-JV","W25Q128JVPAM","128","Mb","133","66","2.7","3.6","-40","105","SON","5x6","MM^2","SPI/Dual/Quad","-","P","AG2","","-"
"W25Q-JV","W25Q128JVPAMG","128","Mb","133","66","2.7","3.6","-40","105","SON","5x6","MM^2","SPI/Dual/Quad","-","P","AG2","","-"
"W25Q-JV","W25Q128JVPAQ","128","Mb","133","-","2.7","3.6","-40","105","SON","5x6","MM^2","SPI/Dual/Quad","-","P","AG2","","-"
"W25Q-JV","W25Q128JVPAQG","128","Mb","133","-","2.7","3.6","-40","105","SON","5x6","MM^2","SPI/Dual/Quad","-","P","AG2","","-"
"W25Q-JV","W25Q128JVPIM","128","Mb","133","66","2.7","3.6","-40","85","SON","5x6","MM^2","SPI/Dual/Quad","N","-","-","","-"
"W25Q-JV","W25Q128JVPIMG","128","Mb","133","66","2.7","3.6","-40","85","SON","5x6","MM^2","SPI/Dual/Quad","N","-","-","","-"
"W25Q-JV","W25Q128JVPIN","128","Mb","133","-","2.7","3.6","-40","85","SON","5x6","MM^2","SPI/Dual/Quad","N","-","-","","DRV=75%"
"W25Q-JV","W25Q128JVPING","128","Mb","133","-","2.7","3.6","-40","85","SON","5x6","MM^2","SPI/Dual/Quad","N","-","-","","DRV=75%"
"W25Q-JV","W25Q128JVPIQ","128","Mb","133","-","2.7","3.6","-40","85","SON","5x6","MM^2","SPI/Dual/Quad","N","-","-","","-"
"W25Q-JV","W25Q128JVPIQG","128","Mb","133","-","2.7","3.6","-40","85","SON","5x6","MM^2","SPI/Dual/Quad","N","-","-","","-"
"W25Q-JV","W25Q128JVPJM","128","Mb","133","66","2.7","3.6","-40","105","SON","5x6","MM^2","SPI/Dual/Quad","N","-","-","","-"
"W25Q-JV","W25Q128JVPJMG","128","Mb","133","66","2.7","3.6","-40","105","SON","5x6","MM^2","SPI/Dual/Quad","N","-","-","","-"
"W25Q-JV","W25Q128JVPJQ","128","Mb","133","-","2.7","3.6","-40","105","SON","5x6","MM^2","SPI/Dual/Quad","N","-","-","","-"
"W25Q-JV","W25Q128JVPJQG","128","Mb","133","-","2.7","3.6","-40","105","SON","5x6","MM^2","SPI/Dual/Quad","N","-","-","","-"
"W25Q-JV","W25Q128JVPSM","128","Mb","133","66","2.7","3.6","-40","125","SON","5x6","MM^2","SPI/Dual/Quad","-","P","AG1","","-"
"W25Q-JV","W25Q128JVPSMG","128","Mb","133","66","2.7","3.6","-40","125","SON","5x6","MM^2","SPI/Dual/Quad","-","P","AG1","","-"
"W25Q-JV","W25Q128JVPSQ","128","Mb","133","-","2.7","3.6","-40","125","SON","5x6","MM^2","SPI/Dual/Quad","-","P","AG1","","-"
"W25Q-JV","W25Q128JVPSQG","128","Mb","133","-","2.7","3.6","-40","125","SON","5x6","MM^2","SPI/Dual/Quad","-","P","AG1","","-"
"W25Q-JV","W25Q128JVSAM","128","Mb","133","66","2.7","3.6","-40","105","SOP","208","MIL","SPI/Dual/Quad","-","P","AG2","","-"
"W25Q-JV","W25Q128JVSAMG","128","Mb","133","66","2.7","3.6","-40","105","SOP","208","MIL","SPI/Dual/Quad","-","P","AG2","","-"
"W25Q-JV","W25Q128JVSAQ","128","Mb","133","-","2.7","3.6","-40","105","SOP","208","MIL","SPI/Dual/Quad","-","P","AG2","","-"
"W25Q-JV","W25Q128JVSAQG","128","Mb","133","-","2.7","3.6","-40","105","SOP","208","MIL","SPI/Dual/Quad","-","P","AG2","","-"
"W25Q-JV","W25Q128JVSIM","128","Mb","133","66","2.7","3.6","-40","85","SOP","208","MIL","SPI/Dual/Quad","N","-","-","","-"
"W25Q-JV","W25Q128JVSIMG","128","Mb","133","66","2.7","3.6","-40","85","SOP","208","MIL","SPI/Dual/Quad","N","-","-","","-"
"W25Q-JV","W25Q128JVSIN","128","Mb","133","-","2.7","3.6","-40","85","SOP","208","MIL","SPI/Dual/Quad","N","-","-","","DRV=75%"
"W25Q-JV","W25Q128JVSING","128","Mb","133","-","2.7","3.6","-40","85","SOP","208","MIL","SPI/Dual/Quad","N","-","-","","DRV=75%"
"W25Q-JV","W25Q128JVSIQ","128","Mb","133","-","2.7","3.6","-40","85","SOP","208","MIL","SPI/Dual/Quad","N","-","-","","-"
"W25Q-JV","W25Q128JVSIQG","128","Mb","133","-","2.7","3.6","-40","85","SOP","208","MIL","SPI/Dual/Quad","N","-","-","","-"
"W25Q-JV","W25Q128JVSJM","128","Mb","133","66","2.7","3.6","-40","105","SOP","208","MIL","SPI/Dual/Quad","N","-","-","","-"
"W25Q-JV","W25Q128JVSJMG","128","Mb","133","66","2.7","3.6","-40","105","SOP","208","MIL","SPI/Dual/Quad","N","-","-","","-"
"W25Q-JV","W25Q128JVSJQ","128","Mb","133","-","2.7","3.6","-40","105","SOP","208","MIL","SPI/Dual/Quad","N","-","-","","-"
"W25Q-JV","W25Q128JVSJQG","128","Mb","133","-","2.7","3.6","-40","105","SOP","208","MIL","SPI/Dual/Quad","N","-","-","","-"
"W25Q-JV","W25Q128JVSSM","128","Mb","133","66","2.7","3.6","-40","125","SOP","208","MIL","SPI/Dual/Quad","-","P","AG1","","-"
"W25Q-JV","W25Q128JVSSMG","128","Mb","133","66","2.7","3.6","-40","125","SOP","208","MIL","SPI/Dual/Quad","-","P","AG1","","-"
"W25Q-JV","W25Q128JVSSQ","128","Mb","133","-","2.7","3.6","-40","125","SOP","208","MIL","SPI/Dual/Quad","-","P","AG1","","-"
"W25Q-JV","W25Q128JVSSQG","128","Mb","133","-","2.7","3.6","-40","125","SOP","208","MIL","SPI/Dual/Quad","-","P","AG1","","-"
"W25Q-JV","W25Q128JVYIQ","128","Mb","133","-","2.7","3.6","-40","85","WLCSP","","","SPI/Dual/Quad","N","-","-","","-"
"W25Q-JV","W25Q128JVYIQG","128","Mb","133","-","2.7","3.6","-40","85","WLCSP","","","SPI/Dual/Quad","N","-","-","","-"
"W25Q-JW","W25Q128JWBAM","128","Mb","104","52","1.7","1.95","-40","105","TFBGA (5x5)","6x8","MM^2","SPI/Dual/Quad","-","P","AG2","","-"
"W25Q-JW","W25Q128JWBAMG","128","Mb","104","52","1.7","1.95","-40","105","TFBGA (5x5)","6x8","MM^2","SPI/Dual/Quad","-","P","AG2","","-"
"W25Q-JW","W25Q128JWBAQ","128","Mb","104","-","1.7","1.95","-40","105","TFBGA (5x5)","6x8","MM^2","SPI/Dual/Quad","-","P","AG2","","-"
"W25Q-JW","W25Q128JWBAQG","128","Mb","104","-","1.7","1.95","-40","105","TFBGA (5x5)","6x8","MM^2","SPI/Dual/Quad","-","P","AG2","","-"
"W25Q-JW","W25Q128JWBIM","128","Mb","133","66","1.7","1.95","-40","85","TFBGA (5x5)","6x8","MM^2","SPI/Dual/Quad","P","-","-","","-"
"W25Q-JW","W25Q128JWBIMG","128","Mb","133","66","1.7","1.95","-40","85","TFBGA (5x5)","6x8","MM^2","SPI/Dual/Quad","P","-","-","","-"
"W25Q-JW","W25Q128JWBIQ","128","Mb","133","-","1.7","1.95","-40","85","TFBGA (5x5)","6x8","MM^2","SPI/Dual/Quad","P","-","-","","-"
"W25Q-JW","W25Q128JWBIQG","128","Mb","133","-","1.7","1.95","-40","85","TFBGA (5x5)","6x8","MM^2","SPI/Dual/Quad","P","-","-","","-"
"W25Q-JW","W25Q128JWBJQ","128","Mb","133","-","1.7","1.95","-40","105","TFBGA (5x5)","6x8","MM^2","SPI/Dual/Quad","P","-","-","","-"
"W25Q-JW","W25Q128JWBJQG","128","Mb","133","-","1.7","1.95","-40","105","TFBGA (5x5)","6x8","MM^2","SPI/Dual/Quad","P","-","-","","-"
"W25Q-JW","W25Q128JWBSM","128","Mb","104","52","1.7","1.95","-40","125","TFBGA (5x5)","6x8","MM^2","SPI/Dual/Quad","-","P","AG1","","-"
"W25Q-JW","W25Q128JWBSMG","128","Mb","104","52","1.7","1.95","-40","125","TFBGA (5x5)","6x8","MM^2","SPI/Dual/Quad","-","P","AG1","","-"
"W25Q-JW","W25Q128JWBSQ","128","Mb","104","-","1.7","1.95","-40","125","TFBGA (5x5)","6x8","MM^2","SPI/Dual/Quad","-","P","AG1","","-"
"W25Q-JW","W25Q128JWBSQG","128","Mb","104","-","1.7","1.95","-40","125","TFBGA (5x5)","6x8","MM^2","SPI/Dual/Quad","-","P","AG1","","-"
"W25Q-JW","W25Q128JWEIM","128","Mb","133","66","1.7","1.95","-40","85","SON","8x6","MM^2","SPI/Dual/Quad","P","-","-","","-"
"W25Q-JW","W25Q128JWEIMG","128","Mb","133","66","1.7","1.95","-40","85","SON","8x6","MM^2","SPI/Dual/Quad","P","-","-","","-"
"W25Q-JW","W25Q128JWEIN","128","Mb","133","-","1.7","1.95","-40","85","SON","8x6","MM^2","SPI/Dual/Quad","P","-","-","","DRV=75%"
"W25Q-JW","W25Q128JWEING","128","Mb","133","-","1.7","1.95","-40","85","SON","8x6","MM^2","SPI/Dual/Quad","P","-","-","","DRV=75%"
"W25Q-JW","W25Q128JWEIQ","128","Mb","133","-","1.7","1.95","-40","85","SON","8x6","MM^2","SPI/Dual/Quad","P","-","-","","-"
"W25Q-JW","W25Q128JWEIQG","128","Mb","133","-","1.7","1.95","-40","85","SON","8x6","MM^2","SPI/Dual/Quad","P","-","-","","-"
"W25Q-JW","W25Q128JWEJQ","128","Mb","133","-","1.7","1.95","-40","105","SON","8x6","MM^2","SPI/Dual/Quad","P","-","-","","-"
"W25Q-JW","W25Q128JWEJQG","128","Mb","133","-","1.7","1.95","-40","105","SON","8x6","MM^2","SPI/Dual/Quad","P","-","-","","-"
"W25Q-JW","W25Q128JWFAM","128","Mb","104","52","1.7","1.95","-40","105","SOP","300","MIL","SPI/Dual/Quad","-","P","AG2","","-"
"W25Q-JW","W25Q128JWFAMG","128","Mb","104","52","1.7","1.95","-40","105","SOP","300","MIL","SPI/Dual/Quad","-","P","AG2","","-"
"W25Q-JW","W25Q128JWFAQ","128","Mb","104","-","1.7","1.95","-40","105","SOP","300","MIL","SPI/Dual/Quad","-","P","AG2","","-"
"W25Q-JW","W25Q128JWFAQG","128","Mb","104","-","1.7","1.95","-40","105","SOP","300","MIL","SPI/Dual/Quad","-","P","AG2","","-"
"W25Q-JW","W25Q128JWFIM","128","Mb","133","66","1.7","1.95","-40","85","SOP","300","MIL","SPI/Dual/Quad","P","-","-","","-"
"W25Q-JW","W25Q128JWFIMG","128","Mb","133","66","1.7","1.95","-40","85","SOP","300","MIL","SPI/Dual/Quad","P","-","-","","-"
"W25Q-JW","W25Q128JWFIN","128","Mb","133","-","1.7","1.95","-40","85","SOP","300","MIL","SPI/Dual/Quad","P","-","-","","DRV=75%"
"W25Q-JW","W25Q128JWFING","128","Mb","133","-","1.7","1.95","-40","85","SOP","300","MIL","SPI/Dual/Quad","P","-","-","","DRV=75%"
"W25Q-JW","W25Q128JWFIQ","128","Mb","133","-","1.7","1.95","-40","85","SOP","300","MIL","SPI/Dual/Quad","P","-","-","","-"
"W25Q-JW","W25Q128JWFIQG","128","Mb","133","-","1.7","1.95","-40","85","SOP","300","MIL","SPI/Dual/Quad","P","-","-","","-"
"W25Q-JW","W25Q128JWFSM","128","Mb","104","52","1.7","1.95","-40","125","SOP","300","MIL","SPI/Dual/Quad","-","P","AG1","","-"
"W25Q-JW","W25Q128JWFSMG","128","Mb","104","52","1.7","1.95","-40","125","SOP","300","MIL","SPI/Dual/Quad","-","P","AG1","","-"
"W25Q-JW","W25Q128JWPAM","128","Mb","104","52","1.7","1.95","-40","105","SON","5x6","MM^2","SPI/Dual/Quad","-","P","AG2","","-"
"W25Q-JW","W25Q128JWPAMG","128","Mb","104","52","1.7","1.95","-40","105","SON","5x6","MM^2","SPI/Dual/Quad","-","P","AG2","","-"
"W25Q-JW","W25Q128JWPAQ","128","Mb","104","-","1.7","1.95","-40","105","SON","5x6","MM^2","SPI/Dual/Quad","-","P","AG2","","-"
"W25Q-JW","W25Q128JWPAQG","128","Mb","104","-","1.7","1.95","-40","105","SON","5x6","MM^2","SPI/Dual/Quad","-","P","AG2","","-"
"W25Q-JW","W25Q128JWPIM","128","Mb","133","66","1.7","1.95","-40","85","SON","5x6","MM^2","SPI/Dual/Quad","P","-","-","","-"
"W25Q-JW","W25Q128JWPIMG","128","Mb","133","66","1.7","1.95","-40","85","SON","5x6","MM^2","SPI/Dual/Quad","P","-","-","","-"
"W25Q-JW","W25Q128JWPIQ","128","Mb","133","-","1.7","1.95","-40","85","SON","5x6","MM^2","SPI/Dual/Quad","P","-","-","","-"
"W25Q-JW","W25Q128JWPIQG","128","Mb","133","-","1.7","1.95","-40","85","SON","5x6","MM^2","SPI/Dual/Quad","P","-","-","","-"
"W25Q-JW","W25Q128JWPJM","128","Mb","133","66","1.7","1.95","-40","105","SON","5x6","MM^2","SPI/Dual/Quad","P","-","-","","-"
"W25Q-JW","W25Q128JWPJMG","128","Mb","133","66","1.7","1.95","-40","105","SON","5x6","MM^2","SPI/Dual/Quad","P","-","-","","-"
"W25Q-JW","W25Q128JWPJQ","128","Mb","133","-","1.7","1.95","-40","105","SON","5x6","MM^2","SPI/Dual/Quad","P","-","-","","-"
"W25Q-JW","W25Q128JWPJQG","128","Mb","133","-","1.7","1.95","-40","105","SON","5x6","MM^2","SPI/Dual/Quad","P","-","-","","-"
"W25Q-JW","W25Q128JWPSM","128","Mb","104","52","1.7","1.95","-40","125","SON","5x6","MM^2","SPI/Dual/Quad","-","P","AG1","","-"
"W25Q-JW","W25Q128JWPSMG","128","Mb","104","52","1.7","1.95","-40","125","SON","5x6","MM^2","SPI/Dual/Quad","-","P","AG1","","-"
"W25Q-JW","W25Q128JWPSQ","128","Mb","104","-","1.7","1.95","-40","125","SON","5x6","MM^2","SPI/Dual/Quad","-","P","AG1","","-"
"W25Q-JW","W25Q128JWPSQG","128","Mb","104","-","1.7","1.95","-40","125","SON","5x6","MM^2","SPI/Dual/Quad","-","P","AG1","","-"
"W25Q-JW","W25Q128JWSAQ","128","Mb","104","-","1.7","1.95","-40","105","SOP","208","MIL","SPI/Dual/Quad","-","P","AG2","","-"
"W25Q-JW","W25Q128JWSAQG","128","Mb","104","-","1.7","1.95","-40","105","SOP","208","MIL","SPI/Dual/Quad","-","P","AG2","","-"
"W25Q-JW","W25Q128JWSIM","128","Mb","133","66","1.7","1.95","-40","85","SOP","208","MIL","SPI/Dual/Quad","P","-","-","","-"
"W25Q-JW","W25Q128JWSIMG","128","Mb","133","66","1.7","1.95","-40","85","SOP","208","MIL","SPI/Dual/Quad","P","-","-","","-"
"W25Q-JW","W25Q128JWSIN","128","Mb","133","-","1.7","1.95","-40","85","SOP","208","MIL","SPI/Dual/Quad","P","-","-","","DRV=75%"
"W25Q-JW","W25Q128JWSING","128","Mb","133","-","1.7","1.95","-40","85","SOP","208","MIL","SPI/Dual/Quad","P","-","-","","DRV=75%"
"W25Q-JW","W25Q128JWSIQ","128","Mb","133","-","1.7","1.95","-40","85","SOP","208","MIL","SPI/Dual/Quad","P","-","-","","-"
"W25Q-JW","W25Q128JWSIQG","128","Mb","133","-","1.7","1.95","-40","85","SOP","208","MIL","SPI/Dual/Quad","P","-","-","","-"
"W25Q-JW","W25Q128JWSJQ","128","Mb","133","-","1.7","1.95","-40","105","SOP","208","MIL","SPI/Dual/Quad","P","-","-","","-"
"W25Q-JW","W25Q128JWSJQG","128","Mb","133","-","1.7","1.95","-40","105","SOP","208","MIL","SPI/Dual/Quad","P","-","-","","-"
"W25Q-JW","W25Q128JWSSQ","128","Mb","104","-","1.7","1.95","-40","125","SOP","208","MIL","SPI/Dual/Quad","-","P","AG1","","-"
"W25Q-JW","W25Q128JWSSQG","128","Mb","104","-","1.7","1.95","-40","125","SOP","208","MIL","SPI/Dual/Quad","-","P","AG1","","-"
"W25Q-JW","W25Q128JWYIM","128","Mb","133","66","1.7","1.95","-40","85","WLCSP","","","SPI/Dual/Quad","P","-","-","","-"
"W25Q-JW","W25Q128JWYIMG","128","Mb","133","66","1.7","1.95","-40","85","WLCSP","","","SPI/Dual/Quad","P","-","-","","-"
"W25Q-JW","W25Q128JWYIQ","128","Mb","133","-","1.7","1.95","-40","85","WLCSP","","","SPI/Dual/Quad","P","-","-","","-"
"W25Q-JW","W25Q128JWYIQG","128","Mb","133","-","1.7","1.95","-40","85","WLCSP","","","SPI/Dual/Quad","P","-","-","","-"
"W25Q-JW","W25Q128JWYJQ","128","Mb","133","-","1.7","1.95","-40","105","WLCSP","","","SPI/Dual/Quad","P","-","-","","-"
"W25Q-JW","W25Q128JWYJQG","128","Mb","133","-","1.7","1.95","-40","105","WLCSP","","","SPI/Dual/Quad","P","-","-","","-"
"W25Q-NE","W25Q12NEBYIG","128","Mb","104","-","1.14","1.26","-40","85","WLCSP","","","SPI/Dual/Quad","S","-","-","","-"
"W25Q-NE","W25Q12NEBYIGG","128","Mb","104","-","1.14","1.26","-40","85","WLCSP","","","SPI/Dual/Quad","S","-","-","","-"
"W25Q-NE","W25Q12NESSIG","128","Mb","104","-","1.14","1.26","-40","85","SOP","208","MIL","SPI/Dual/Quad","P","-","-","","-"
"W25Q-NE","W25Q12NESSIGG","128","Mb","104","-","1.14","1.26","-40","85","SOP","208","MIL","SPI/Dual/Quad","P","-","-","","-"
"W25Q-NE","W25Q12NEXGIG","128","Mb","104","-","1.14","1.26","-40","85","XSON","4x4","MM^2","SPI/Dual/Quad","P","-","-","","-"
"W25Q-NE","W25Q12NEXGIGG","128","Mb","104","-","1.14","1.26","-40","85","XSON","4x4","MM^2","SPI/Dual/Quad","P","-","-","","-"
"W25Q-NE","W25Q12NEZPIG","128","Mb","104","-","1.14","1.26","-40","85","SON","5x6","MM^2","SPI/Dual/Quad","P","-","-","","-"
"W25Q-NE","W25Q12NEZPIGG","128","Mb","104","-","1.14","1.26","-40","85","SON","5x6","MM^2","SPI/Dual/Quad","P","-","-","","-"
"W25Q-PW","W25Q12PWBYIH","128","Mb","166","104","1.65","1.95","-40","85","WLCSP","","","SPI/Dual/Quad","P","-","-","","-"
"W25Q-PW","W25Q12PWBYIHG","128","Mb","166","104","1.65","1.95","-40","85","WLCSP","","","SPI/Dual/Quad","P","-","-","","-"
"W25Q-PW","W25Q12PWBYIM","128","Mb","166","104","1.65","1.95","-40","85","WLCSP","","","SPI/Dual/Quad","P","-","-","","-"
"W25Q-PW","W25Q12PWBYIMG","128","Mb","166","104","1.65","1.95","-40","85","WLCSP","","","SPI/Dual/Quad","P","-","-","","-"
"W25Q-PW","W25Q12PWSFIM","128","Mb","166","104","1.65","1.95","-40","85","SOP","300","MIL","SPI/Dual/Quad","P","-","-","","-"
"W25Q-PW","W25Q12PWSFIMG","128","Mb","166","104","1.65","1.95","-40","85","SOP","300","MIL","SPI/Dual/Quad","P","-","-","","-"
"W25Q-PW","W25Q12PWSFIQ","128","Mb","166","104","1.65","1.95","-40","85","SOP","300","MIL","SPI/Dual/Quad","P","-","-","","-"
"W25Q-PW","W25Q12PWSFIQG","128","Mb","166","104","1.65","1.95","-40","85","SOP","300","MIL","SPI/Dual/Quad","P","-","-","","-"
"W25Q-PW","W25Q12PWSSIM","128","Mb","166","104","1.65","1.95","-40","85","SOP","208","MIL","SPI/Dual/Quad","P","-","-","","-"
"W25Q-PW","W25Q12PWSSIMG","128","Mb","166","104","1.65","1.95","-40","85","SOP","208","MIL","SPI/Dual/Quad","P","-","-","","-"
"W25Q-PW","W25Q12PWSSIQ","128","Mb","166","104","1.65","1.95","-40","85","SOP","208","MIL","SPI/Dual/Quad","P","-","-","","-"
"W25Q-PW","W25Q12PWSSIQG","128","Mb","166","104","1.65","1.95","-40","85","SOP","208","MIL","SPI/Dual/Quad","P","-","-","","-"
"W25Q-PW","W25Q12PWTBIQ","128","Mb","166","104","1.65","1.95","-40","85","TFBGA (5x5)","6x8","MM^2","SPI/Dual/Quad","P","-","-","","-"
"W25Q-PW","W25Q12PWTBIQG","128","Mb","166","104","1.65","1.95","-40","85","TFBGA (5x5)","6x8","MM^2","SPI/Dual/Quad","P","-","-","","-"
"W25Q-PW","W25Q12PWUUIQ","128","Mb","166","104","1.65","1.95","-40","85","USON","4x3","MM^2","SPI/Dual/Quad","P","-","-","","-"
"W25Q-PW","W25Q12PWUUIQG","128","Mb","166","104","1.65","1.95","-40","85","USON","4x3","MM^2","SPI/Dual/Quad","P","-","-","","-"
"W25Q-PW","W25Q12PWXGIQ","128","Mb","166","104","1.65","1.95","-40","85","XSON","4x4","MM^2","SPI/Dual/Quad","P","-","-","","-"
"W25Q-PW","W25Q12PWXGIQG","128","Mb","166","104","1.65","1.95","-40","85","XSON","4x4","MM^2","SPI/Dual/Quad","P","-","-","","-"
"W25Q-PW","W25Q12PWZEIM","128","Mb","166","104","1.65","1.95","-40","85","SON","8x6","MM^2","SPI/Dual/Quad","P","-","-","","-"
"W25Q-PW","W25Q12PWZEIMG","128","Mb","166","104","1.65","1.95","-40","85","SON","8x6","MM^2","SPI/Dual/Quad","P","-","-","","-"
"W25Q-PW","W25Q12PWZEIQ","128","Mb","166","104","1.65","1.95","-40","85","SON","8x6","MM^2","SPI/Dual/Quad","P","-","-","","-"
"W25Q-PW","W25Q12PWZEIQG","128","Mb","166","104","1.65","1.95","-40","85","SON","8x6","MM^2","SPI/Dual/Quad","P","-","-","","-"
"W25Q-PW","W25Q12PWZPIM","128","Mb","166","104","1.65","1.95","-40","85","SON","5x6","MM^2","SPI/Dual/Quad","P","-","-","","-"
"W25Q-PW","W25Q12PWZPIMG","128","Mb","166","104","1.65","1.95","-40","85","SON","5x6","MM^2","SPI/Dual/Quad","P","-","-","","-"
"W25Q-PW","W25Q12PWZPIQ","128","Mb","166","104","1.65","1.95","-40","85","SON","5x6","MM^2","SPI/Dual/Quad","P","-","-","","-"
"W25Q-PW","W25Q12PWZPIQG","128","Mb","166","104","1.65","1.95","-40","85","SON","5x6","MM^2","SPI/Dual/Quad","P","-","-","","-"
"W25Q-RV","W25Q12RVCFJM","128","Mb","166","133","2.7","3.6","-40","105","SOP","300","MIL","SPI/Dual/Quad","P","-","-","","-"
"W25Q-RV","W25Q12RVCFJMG","128","Mb","166","133","2.7","3.6","-40","105","SOP","300","MIL","SPI/Dual/Quad","P","-","-","","-"
"W25Q-RV","W25Q12RVCFJQ","128","Mb","166","-","2.7","3.6","-40","105","SOP","300","MIL","SPI/Dual/Quad","P","-","-","","-"
"W25Q-RV","W25Q12RVCFJQG","128","Mb","166","-","2.7","3.6","-40","105","SOP","300","MIL","SPI/Dual/Quad","P","-","-","","-"
"W25Q-RV","W25Q12RVCPJM","128","Mb","166","133","2.7","3.6","-40","105","SON","5x6","MM^2","SPI/Dual/Quad","P","-","-","","-"
"W25Q-RV","W25Q12RVCPJMG","128","Mb","166","133","2.7","3.6","-40","105","SON","5x6","MM^2","SPI/Dual/Quad","P","-","-","","-"
"W25Q-RV","W25Q12RVCPJQ","128","Mb","166","-","2.7","3.6","-40","105","SON","5x6","MM^2","SPI/Dual/Quad","P","-","-","","-"
"W25Q-RV","W25Q12RVCPJQG","128","Mb","166","-","2.7","3.6","-40","105","SON","5x6","MM^2","SPI/Dual/Quad","P","-","-","","-"
"W25Q-RV","W25Q12RVCSJM","128","Mb","166","133","2.7","3.6","-40","105","SOP","208","MIL","SPI/Dual/Quad","P","-","-","","-"
"W25Q-RV","W25Q12RVCSJMG","128","Mb","166","133","2.7","3.6","-40","105","SOP","208","MIL","SPI/Dual/Quad","P","-","-","","-"
"W25Q-RV","W25Q12RVCSJQ","128","Mb","166","-","2.7","3.6","-40","105","SOP","208","MIL","SPI/Dual/Quad","P","-","-","","-"
"W25Q-RV","W25Q12RVCSJQG","128","Mb","166","-","2.7","3.6","-40","105","SOP","208","MIL","SPI/Dual/Quad","P","-","-","","-"
"W25Q-JV","W25Q16JVBYIQ","16","Mb","133","-","2.7","3.6","-40","85","WLCSP","","","SPI/Dual/Quad","N","-","-","","-"
"W25Q-JV","W25Q16JVBYIQG","16","Mb","133","-","2.7","3.6","-40","85","WLCSP","","","SPI/Dual/Quad","N","-","-","","-"
"W25Q-JV","W25Q16JVBYJQ","16","Mb","133","-","2.7","3.6","-40","105","WLCSP","","","SPI/Dual/Quad","N","-","-","","-"
"W25Q-JV","W25Q16JVBYJQG","16","Mb","133","-","2.7","3.6","-40","105","WLCSP","","","SPI/Dual/Quad","N","-","-","","-"
"W25Q-JV","W25Q16JVSNAM","16","Mb","133","66","2.7","3.6","-40","105","SOP","150","MIL","SPI/Dual/Quad","-","P","AG2","","-"
"W25Q-JV","W25Q16JVSNAMG","16","Mb","133","66","2.7","3.6","-40","105","SOP","150","MIL","SPI/Dual/Quad","-","P","AG2","","-"
"W25Q-JV","W25Q16JVSNAQ","16","Mb","133","-","2.7","3.6","-40","105","SOP","150","MIL","SPI/Dual/Quad","-","P","AG2","","-"
"W25Q-JV","W25Q16JVSNAQG","16","Mb","133","-","2.7","3.6","-40","105","SOP","150","MIL","SPI/Dual/Quad","-","P","AG2","","-"
"W25Q-JV","W25Q16JVSNIM","16","Mb","133","66","2.7","3.6","-40","85","SOP","150","MIL","SPI/Dual/Quad","N","-","-","","-"
"W25Q-JV","W25Q16JVSNIMG","16","Mb","133","66","2.7","3.6","-40","85","SOP","150","MIL","SPI/Dual/Quad","N","-","-","","-"
"W25Q-JV","W25Q16JVSNIQ","16","Mb","133","-","2.7","3.6","-40","85","SOP","150","MIL","SPI/Dual/Quad","N","-","-","","-"
"W25Q-JV","W25Q16JVSNIQG","16","Mb","133","-","2.7","3.6","-40","85","SOP","150","MIL","SPI/Dual/Quad","N","-","-","","-"
"W25Q-JV","W25Q16JVSNJM","16","Mb","133","66","2.7","3.6","-40","105","SOP","150","MIL","SPI/Dual/Quad","N","-","-","","-"
"W25Q-JV","W25Q16JVSNJMG","16","Mb","133","66","2.7","3.6","-40","105","SOP","150","MIL","SPI/Dual/Quad","N","-","-","","-"
"W25Q-JV","W25Q16JVSNJQ","16","Mb","133","-","2.7","3.6","-40","105","SOP","150","MIL","SPI/Dual/Quad","N","-","-","","-"
"W25Q-JV","W25Q16JVSNJQG","16","Mb","133","-","2.7","3.6","-40","105","SOP","150","MIL","SPI/Dual/Quad","N","-","-","","-"
"W25Q-JV","W25Q16JVSNSM","16","Mb","133","66","2.7","3.6","-40","125","SOP","150","MIL","SPI/Dual/Quad","-","P","AG1","","-"
"W25Q-JV","W25Q16JVSNSMG","16","Mb","133","66","2.7","3.6","-40","125","SOP","150","MIL","SPI/Dual/Quad","-","P","AG1","","-"
"W25Q-JV","W25Q16JVSNSQ","16","Mb","133","-","2.7","3.6","-40","125","SOP","150","MIL","SPI/Dual/Quad","-","P","AG1","","-"
"W25Q-JV","W25Q16JVSNSQG","16","Mb","133","-","2.7","3.6","-40","125","SOP","150","MIL","SPI/Dual/Quad","-","P","AG1","","-"
"W25Q-JV","W25Q16JVSSAM","16","Mb","133","66","2.7","3.6","-40","105","SOP","208","MIL","SPI/Dual/Quad","-","P","AG2","","-"
"W25Q-JV","W25Q16JVSSAMG","16","Mb","133","66","2.7","3.6","-40","105","SOP","208","MIL","SPI/Dual/Quad","-","P","AG2","","-"
"W25Q-JV","W25Q16JVSSAQ","16","Mb","133","-","2.7","3.6","-40","105","SOP","208","MIL","SPI/Dual/Quad","-","P","AG2","","-"
"W25Q-JV","W25Q16JVSSAQG","16","Mb","133","-","2.7","3.6","-40","105","SOP","208","MIL","SPI/Dual/Quad","-","P","AG2","","-"
"W25Q-JV","W25Q16JVSSIM","16","Mb","133","66","2.7","3.6","-40","85","SOP","208","MIL","SPI/Dual/Quad","N","-","-","","-"
"W25Q-JV","W25Q16JVSSIMG","16","Mb","133","66","2.7","3.6","-40","85","SOP","208","MIL","SPI/Dual/Quad","N","-","-","","-"
"W25Q-JV","W25Q16JVSSIQ","16","Mb","133","-","2.7","3.6","-40","85","SOP","208","MIL","SPI/Dual/Quad","N","-","-","","-"
"W25Q-JV","W25Q16JVSSIQG","16","Mb","133","-","2.7","3.6","-40","85","SOP","208","MIL","SPI/Dual/Quad","N","-","-","","-"
"W25Q-JV","W25Q16JVSSJM","16","Mb","133","66","2.7","3.6","-40","105","SOP","208","MIL","SPI/Dual/Quad","N","-","-","","-"
"W25Q-JV","W25Q16JVSSJMG","16","Mb","133","66","2.7","3.6","-40","105","SOP","208","MIL","SPI/Dual/Quad","N","-","-","","-"
"W25Q-JV","W25Q16JVSSJQ","16","Mb","133","-","2.7","3.6","-40","105","SOP","208","MIL","SPI/Dual/Quad","N","-","-","","-"
"W25Q-JV","W25Q16JVSSJQG","16","Mb","133","-","2.7","3.6","-40","105","SOP","208","MIL","SPI/Dual/Quad","N","-","-","","-"
"W25Q-JV","W25Q16JVSSSM","16","Mb","133","66","2.7","3.6","-40","125","SOP","208","MIL","SPI/Dual/Quad","-","P","AG1","","-"
"W25Q-JV","W25Q16JVSSSMG","16","Mb","133","66","2.7","3.6","-40","125","SOP","208","MIL","SPI/Dual/Quad","-","P","AG1","","-"
"W25Q-JV","W25Q16JVSSSQ","16","Mb","133","-","2.7","3.6","-40","125","SOP","208","MIL","SPI/Dual/Quad","-","P","AG1","","-"
"W25Q-JV","W25Q16JVSSSQG","16","Mb","133","-","2.7","3.6","-40","125","SOP","208","MIL","SPI/Dual/Quad","-","P","AG1","","-"
"W25Q-JV","W25Q16JVTBIM","16","Mb","133","66","2.7","3.6","-40","85","TFBGA (5x5)","6x8","MM^2","SPI/Dual/Quad","N","-","-","","-"
"W25Q-JV","W25Q16JVTBIMG","16","Mb","133","66","2.7","3.6","-40","85","TFBGA (5x5)","6x8","MM^2","SPI/Dual/Quad","N","-","-","","-"
"W25Q-JV","W25Q16JVUUAM","16","Mb","133","66","2.7","3.6","-40","105","USON","4x3","MM^2","SPI/Dual/Quad","-","P","AG2","","-"
"W25Q-JV","W25Q16JVUUAMG","16","Mb","133","66","2.7","3.6","-40","105","USON","4x3","MM^2","SPI/Dual/Quad","-","P","AG2","","-"
"W25Q-JV","W25Q16JVUUAQ","16","Mb","133","-","2.7","3.6","-40","105","USON","4x3","MM^2","SPI/Dual/Quad","-","P","AG2","","-"
"W25Q-JV","W25Q16JVUUAQG","16","Mb","133","-","2.7","3.6","-40","105","USON","4x3","MM^2","SPI/Dual/Quad","-","P","AG2","","-"
"W25Q-JV","W25Q16JVUUIM","16","Mb","133","66","2.7","3.6","-40","85","USON","4x3","MM^2","SPI/Dual/Quad","N","-","-","","-"
"W25Q-JV","W25Q16JVUUIMG","16","Mb","133","66","2.7","3.6","-40","85","USON","4x3","MM^2","SPI/Dual/Quad","N","-","-","","-"
"W25Q-JV","W25Q16JVUUIQ","16","Mb","133","-","2.7","3.6","-40","85","USON","4x3","MM^2","SPI/Dual/Quad","N","-","-","","-"
"W25Q-JV","W25Q16JVUUIQG","16","Mb","133","-","2.7","3.6","-40","85","USON","4x3","MM^2","SPI/Dual/Quad","N","-","-","","-"
"W25Q-JV","W25Q16JVUUJM","16","Mb","133","66","2.7","3.6","-40","105","USON","4x3","MM^2","SPI/Dual/Quad","N","-","-","","-"
"W25Q-JV","W25Q16JVUUJMG","16","Mb","133","66","2.7","3.6","-40","105","USON","4x3","MM^2","SPI/Dual/Quad","N","-","-","","-"
"W25Q-JV","W25Q16JVUUJQ","16","Mb","133","-","2.7","3.6","-40","105","USON","4x3","MM^2","SPI/Dual/Quad","N","-","-","","-"
"W25Q-JV","W25Q16JVUUJQG","16","Mb","133","-","2.7","3.6","-40","105","USON","4x3","MM^2","SPI/Dual/Quad","N","-","-","","-"
"W25Q-JV","W25Q16JVUUSM","16","Mb","133","66","2.7","3.6","-40","125","USON","4x3","MM^2","SPI/Dual/Quad","-","P","AG1","","-"
"W25Q-JV","W25Q16JVUUSMG","16","Mb","133","66","2.7","3.6","-40","125","USON","4x3","MM^2","SPI/Dual/Quad","-","P","AG1","","-"
"W25Q-JV","W25Q16JVUUSQ","16","Mb","133","-","2.7","3.6","-40","125","USON","4x3","MM^2","SPI/Dual/Quad","-","P","AG1","","-"
"W25Q-JV","W25Q16JVUUSQG","16","Mb","133","-","2.7","3.6","-40","125","USON","4x3","MM^2","SPI/Dual/Quad","-","P","AG1","","-"
"W25Q-JV","W25Q16JVUXAM","16","Mb","133","66","2.7","3.6","-40","105","USON","2x3","MM^2","SPI/Dual/Quad","-","P","AG2","","-"
"W25Q-JV","W25Q16JVUXAMG","16","Mb","133","66","2.7","3.6","-40","105","USON","2x3","MM^2","SPI/Dual/Quad","-","P","AG2","","-"
"W25Q-JV","W25Q16JVUXAQ","16","Mb","133","-","2.7","3.6","-40","105","USON","2x3","MM^2","SPI/Dual/Quad","-","P","AG2","","-"
"W25Q-JV","W25Q16JVUXAQG","16","Mb","133","-","2.7","3.6","-40","105","USON","2x3","MM^2","SPI/Dual/Quad","-","P","AG2","","-"
"W25Q-JV","W25Q16JVUXIM","16","Mb","133","66","2.7","3.6","-40","85","USON","2x3","MM^2","SPI/Dual/Quad","N","-","-","","-"
"W25Q-JV","W25Q16JVUXIMG","16","Mb","133","66","2.7","3.6","-40","85","USON","2x3","MM^2","SPI/Dual/Quad","N","-","-","","-"
"W25Q-JV","W25Q16JVUXIQ","16","Mb","133","-","2.7","3.6","-40","85","USON","2x3","MM^2","SPI/Dual/Quad","N","-","-","","-"
"W25Q-JV","W25Q16JVUXIQG","16","Mb","133","-","2.7","3.6","-40","85","USON","2x3","MM^2","SPI/Dual/Quad","N","-","-","","-"
"W25Q-JV","W25Q16JVUXJM","16","Mb","133","66","2.7","3.6","-40","105","USON","2x3","MM^2","SPI/Dual/Quad","N","-","-","","-"
"W25Q-JV","W25Q16JVUXJMG","16","Mb","133","66","2.7","3.6","-40","105","USON","2x3","MM^2","SPI/Dual/Quad","N","-","-","","-"
"W25Q-JV","W25Q16JVUXJQ","16","Mb","133","-","2.7","3.6","-40","105","USON","2x3","MM^2","SPI/Dual/Quad","N","-","-","","-"
"W25Q-JV","W25Q16JVUXJQG","16","Mb","133","-","2.7","3.6","-40","105","USON","2x3","MM^2","SPI/Dual/Quad","N","-","-","","-"
"W25Q-JV","W25Q16JVUXSM","16","Mb","133","66","2.7","3.6","-40","125","USON","2x3","MM^2","SPI/Dual/Quad","-","P","AG1","","-"
"W25Q-JV","W25Q16JVUXSMG","16","Mb","133","66","2.7","3.6","-40","125","USON","2x3","MM^2","SPI/Dual/Quad","-","P","AG1","","-"
"W25Q-JV","W25Q16JVUXSQ","16","Mb","133","-","2.7","3.6","-40","125","USON","2x3","MM^2","SPI/Dual/Quad","-","P","AG1","","-"
"W25Q-JV","W25Q16JVUXSQG","16","Mb","133","-","2.7","3.6","-40","125","USON","2x3","MM^2","SPI/Dual/Quad","-","P","AG1","","-"
"W25Q-JV","W25Q16JVXGAQ","16","Mb","133","-","2.7","3.6","-40","105","XSON","4x4","MM^2","SPI/Dual/Quad","-","P","AG2","","-"
"W25Q-JV","W25Q16JVXGAQG","16","Mb","133","-","2.7","3.6","-40","105","XSON","4x4","MM^2","SPI/Dual/Quad","-","P","AG2","","-"
"W25Q-JV","W25Q16JVXGIQ","16","Mb","133","-","2.7","3.6","-40","85","XSON","4x4","MM^2","SPI/Dual/Quad","N","-","-","","-"
"W25Q-JV","W25Q16JVXGIQG","16","Mb","133","-","2.7","3.6","-40","85","XSON","4x4","MM^2","SPI/Dual/Quad","N","-","-","","-"
"W25Q-JV","W25Q16JVXGJQ","16","Mb","133","-","2.7","3.6","-40","105","XSON","4x4","MM^2","SPI/Dual/Quad","N","-","-","","-"
"W25Q-JV","W25Q16JVXGJQG","16","Mb","133","-","2.7","3.6","-40","105","XSON","4x4","MM^2","SPI/Dual/Quad","N","-","-","","-"
"W25Q-JV","W25Q16JVXGSQ","16","Mb","133","-","2.7","3.6","-40","125","XSON","4x4","MM^2","SPI/Dual/Quad","-","P","AG1","","-"
"W25Q-JV","W25Q16JVXGSQG","16","Mb","133","-","2.7","3.6","-40","125","XSON","4x4","MM^2","SPI/Dual/Quad","-","P","AG1","","-"
"W25Q-JV","W25Q16JVZPAM","16","Mb","133","66","2.7","3.6","-40","105","SON","5x6","MM^2","SPI/Dual/Quad","-","P","AG2","","-"
"W25Q-JV","W25Q16JVZPAMG","16","Mb","133","66","2.7","3.6","-40","105","SON","5x6","MM^2","SPI/Dual/Quad","-","P","AG2","","-"
"W25Q-JV","W25Q16JVZPAQ","16","Mb","133","-","2.7","3.6","-40","105","SON","5x6","MM^2","SPI/Dual/Quad","-","P","AG2","","-"
"W25Q-JV","W25Q16JVZPAQG","16","Mb","133","-","2.7","3.6","-40","105","SON","5x6","MM^2","SPI/Dual/Quad","-","P","AG2","","-"
"W25Q-JV","W25Q16JVZPIM","16","Mb","133","66","2.7","3.6","-40","85","SON","5x6","MM^2","SPI/Dual/Quad","N","-","-","","-"
"W25Q-JV","W25Q16JVZPIMG","16","Mb","133","66","2.7","3.6","-40","85","SON","5x6","MM^2","SPI/Dual/Quad","N","-","-","","-"
"W25Q-JV","W25Q16JVZPIQ","16","Mb","133","-","2.7","3.6","-40","85","SON","5x6","MM^2","SPI/Dual/Quad","N","-","-","","-"
"W25Q-JV","W25Q16JVZPIQG","16","Mb","133","-","2.7","3.6","-40","85","SON","5x6","MM^2","SPI/Dual/Quad","N","-","-","","-"
"W25Q-JV","W25Q16JVZPJM","16","Mb","133","66","2.7","3.6","-40","105","SON","5x6","MM^2","SPI/Dual/Quad","N","-","-","","-"
"W25Q-JV","W25Q16JVZPJMG","16","Mb","133","66","2.7","3.6","-40","105","SON","5x6","MM^2","SPI/Dual/Quad","N","-","-","","-"
"W25Q-JV","W25Q16JVZPJQ","16","Mb","133","-","2.7","3.6","-40","105","SON","5x6","MM^2","SPI/Dual/Quad","N","-","-","","-"
"W25Q-JV","W25Q16JVZPJQG","16","Mb","133","-","2.7","3.6","-40","105","SON","5x6","MM^2","SPI/Dual/Quad","N","-","-","","-"
"W25Q-JV","W25Q16JVZPSM","16","Mb","133","66","2.7","3.6","-40","125","SON","5x6","MM^2","SPI/Dual/Quad","-","P","AG1","","-"
"W25Q-JV","W25Q16JVZPSMG","16","Mb","133","66","2.7","3.6","-40","125","SON","5x6","MM^2","SPI/Dual/Quad","-","P","AG1","","-"
"W25Q-JV","W25Q16JVZPSQ","16","Mb","133","-","2.7","3.6","-40","125","SON","5x6","MM^2","SPI/Dual/Quad","-","P","AG1","","-"
"W25Q-JV","W25Q16JVZPSQG","16","Mb","133","-","2.7","3.6","-40","125","SON","5x6","MM^2","SPI/Dual/Quad","-","P","AG1","","-"
"W25Q-JW","W25Q16JWBYIM","16","Mb","133","66","1.65","1.95","-40","85","WLCSP","","","SPI/Dual/Quad","P","-","-","","-"
"W25Q-JW","W25Q16JWBYIMG","16","Mb","133","66","1.65","1.95","-40","85","WLCSP","","","SPI/Dual/Quad","P","-","-","","-"
"W25Q-JW","W25Q16JWBYIQ","16","Mb","133","-","1.65","1.95","-40","85","WLCSP","","","SPI/Dual/Quad","P","-","-","","-"
"W25Q-JW","W25Q16JWBYIQG","16","Mb","133","-","1.65","1.95","-40","85","WLCSP","","","SPI/Dual/Quad","P","-","-","","-"
"W25Q-JW","W25Q16JWSNAM","16","Mb","104","66","1.7","1.95","-40","105","SOP","150","MIL","SPI/Dual/Quad","-","P","AG2","","-"
"W25Q-JW","W25Q16JWSNAMG","16","Mb","104","66","1.7","1.95","-40","105","SOP","150","MIL","SPI/Dual/Quad","-","P","AG2","","-"
"W25Q-JW","W25Q16JWSNAQ","16","Mb","104","-","1.7","1.95","-40","105","SOP","150","MIL","SPI/Dual/Quad","-","P","AG2","","-"
"W25Q-JW","W25Q16JWSNAQG","16","Mb","104","-","1.7","1.95","-40","105","SOP","150","MIL","SPI/Dual/Quad","-","P","AG2","","-"
"W25Q-JW","W25Q16JWSNIM","16","Mb","133","66","1.65","1.95","-40","85","SOP","150","MIL","SPI/Dual/Quad","P","-","-","","-"
"W25Q-JW","W25Q16JWSNIMG","16","Mb","133","66","1.65","1.95","-40","85","SOP","150","MIL","SPI/Dual/Quad","P","-","-","","-"
"W25Q-JW","W25Q16JWSNIQ","16","Mb","133","-","1.65","1.95","-40","85","SOP","150","MIL","SPI/Dual/Quad","P","-","-","","-"
"W25Q-JW","W25Q16JWSNIQG","16","Mb","133","-","1.65","1.95","-40","85","SOP","150","MIL","SPI/Dual/Quad","P","-","-","","-"
"W25Q-JW","W25Q16JWSNJQ","16","Mb","133","-","1.65","1.95","-40","105","SOP","150","MIL","SPI/Dual/Quad","P","-","-","","-"
"W25Q-JW","W25Q16JWSNJQG","16","Mb","133","-","1.65","1.95","-40","105","SOP","150","MIL","SPI/Dual/Quad","P","-","-","","-"
"W25Q-JW","W25Q16JWSNSM","16","Mb","104","66","1.7","1.95","-40","125","SOP","150","MIL","SPI/Dual/Quad","-","P","AG1","","-"
"W25Q-JW","W25Q16JWSNSMG","16","Mb","104","66","1.7","1.95","-40","125","SOP","150","MIL","SPI/Dual/Quad","-","P","AG1","","-"
"W25Q-JW","W25Q16JWSNSQ","16","Mb","104","-","1.7","1.95","-40","125","SOP","150","MIL","SPI/Dual/Quad","-","P","AG1","","-"
"W25Q-JW","W25Q16JWSNSQG","16","Mb","104","-","1.7","1.95","-40","125","SOP","150","MIL","SPI/Dual/Quad","-","P","AG1","","-"
"W25Q-JW","W25Q16JWSSAQ","16","Mb","104","-","1.7","1.95","-40","105","SOP","208","MIL","SPI/Dual/Quad","-","P","AG2","","-"
"W25Q-JW","W25Q16JWSSAQG","16","Mb","104","-","1.7","1.95","-40","105","SOP","208","MIL","SPI/Dual/Quad","-","P","AG2","","-"
"W25Q-JW","W25Q16JWSSIM","16","Mb","133","66","1.65","1.95","-40","85","SOP","208","MIL","SPI/Dual/Quad","P","-","-","","-"
"W25Q-JW","W25Q16JWSSIMG","16","Mb","133","66","1.65","1.95","-40","85","SOP","208","MIL","SPI/Dual/Quad","P","-","-","","-"
"W25Q-JW","W25Q16JWSSIQ","16","Mb","133","-","1.65","1.95","-40","85","SOP","208","MIL","SPI/Dual/Quad","P","-","-","","-"
"W25Q-JW","W25Q16JWSSIQG","16","Mb","133","-","1.65","1.95","-40","85","SOP","208","MIL","SPI/Dual/Quad","P","-","-","","-"
"W25Q-JW","W25Q16JWSSJQ","16","Mb","133","-","1.65","1.95","-40","105","SOP","208","MIL","SPI/Dual/Quad","P","-","-","","-"
"W25Q-JW","W25Q16JWSSJQG","16","Mb","133","-","1.65","1.95","-40","105","SOP","208","MIL","SPI/Dual/Quad","P","-","-","","-"
"W25Q-JW","W25Q16JWSSSQ","16","Mb","104","-","1.7","1.95","-40","125","SOP","208","MIL","SPI/Dual/Quad","-","P","AG1","","-"
"W25Q-JW","W25Q16JWSSSQG","16","Mb","104","-","1.7","1.95","-40","125","SOP","208","MIL","SPI/Dual/Quad","-","P","AG1","","-"
"W25Q-JW","W25Q16JWUUAQ","16","Mb","104","-","1.7","1.95","-40","105","USON","4x3","MM^2","SPI/Dual/Quad","-","P","AG2","","-"
"W25Q-JW","W25Q16JWUUAQG","16","Mb","104","-","1.7","1.95","-40","105","USON","4x3","MM^2","SPI/Dual/Quad","-","P","AG2","","-"
"W25Q-JW","W25Q16JWUUIQ","16","Mb","133","-","1.65","1.95","-40","85","USON","4x3","MM^2","SPI/Dual/Quad","P","-","-","","-"
"W25Q-JW","W25Q16JWUUIQG","16","Mb","133","-","1.65","1.95","-40","85","USON","4x3","MM^2","SPI/Dual/Quad","P","-","-","","-"
"W25Q-JW","W25Q16JWUUJQ","16","Mb","133","-","1.65","1.95","-40","105","USON","4x3","MM^2","SPI/Dual/Quad","P","-","-","","-"
"W25Q-JW","W25Q16JWUUJQG","16","Mb","133","-","1.65","1.95","-40","105","USON","4x3","MM^2","SPI/Dual/Quad","P","-","-","","-"
"W25Q-JW","W25Q16JWUUSQ","16","Mb","104","-","1.7","1.95","-40","125","USON","4x3","MM^2","SPI/Dual/Quad","-","P","AG1","","-"
"W25Q-JW","W25Q16JWUUSQG","16","Mb","104","-","1.7","1.95","-40","125","USON","4x3","MM^2","SPI/Dual/Quad","-","P","AG1","","-"
"W25Q-JW","W25Q16JWXHAQ","16","Mb","104","-","1.7","1.95","-40","105","XSON","2x3","MM^2","SPI/Dual/Quad","-","P","AG2","","-"
"W25Q-JW","W25Q16JWXHAQG","16","Mb","104","-","1.7","1.95","-40","105","XSON","2x3","MM^2","SPI/Dual/Quad","-","P","AG2","","-"
"W25Q-JW","W25Q16JWXHIM","16","Mb","133","66","1.65","1.95","-40","85","XSON","2x3","MM^2","SPI/Dual/Quad","P","-","-","","-"
"W25Q-JW","W25Q16JWXHIMG","16","Mb","133","66","1.65","1.95","-40","85","XSON","2x3","MM^2","SPI/Dual/Quad","P","-","-","","-"
"W25Q-JW","W25Q16JWXHIQ","16","Mb","133","-","1.65","1.95","-40","85","XSON","2x3","MM^2","SPI/Dual/Quad","P","-","-","","-"
"W25Q-JW","W25Q16JWXHIQG","16","Mb","133","-","1.65","1.95","-40","85","XSON","2x3","MM^2","SPI/Dual/Quad","P","-","-","","-"
"W25Q-JW","W25Q16JWXHJQ","16","Mb","133","-","1.65","1.95","-40","105","XSON","2x3","MM^2","SPI/Dual/Quad","P","-","-","","-"
"W25Q-JW","W25Q16JWXHJQG","16","Mb","133","-","1.65","1.95","-40","105","XSON","2x3","MM^2","SPI/Dual/Quad","P","-","-","","-"
"W25Q-JW","W25Q16JWXHSQ","16","Mb","104","-","1.7","1.95","-40","125","XSON","2x3","MM^2","SPI/Dual/Quad","-","P","AG1","","-"
"W25Q-JW","W25Q16JWXHSQG","16","Mb","104","-","1.7","1.95","-40","125","XSON","2x3","MM^2","SPI/Dual/Quad","-","P","AG1","","-"
"W25Q-JW","W25Q16JWZPAQ","16","Mb","104","-","1.7","1.95","-40","105","SON","5x6","MM^2","SPI/Dual/Quad","-","P","AG2","","-"
"W25Q-JW","W25Q16JWZPAQG","16","Mb","104","-","1.7","1.95","-40","105","SON","5x6","MM^2","SPI/Dual/Quad","-","P","AG2","","-"
"W25Q-JW","W25Q16JWZPIM","16","Mb","133","66","1.65","1.95","-40","85","SON","5x6","MM^2","SPI/Dual/Quad","P","-","-","","-"
"W25Q-JW","W25Q16JWZPIMG","16","Mb","133","66","1.65","1.95","-40","85","SON","5x6","MM^2","SPI/Dual/Quad","P","-","-","","-"
"W25Q-JW","W25Q16JWZPIQ","16","Mb","133","-","1.65","1.95","-40","85","SON","5x6","MM^2","SPI/Dual/Quad","P","-","-","","-"
"W25Q-JW","W25Q16JWZPIQG","16","Mb","133","-","1.65","1.95","-40","85","SON","5x6","MM^2","SPI/Dual/Quad","P","-","-","","-"
"W25Q-JW","W25Q16JWZPJQ","16","Mb","133","-","1.65","1.95","-40","105","SON","5x6","MM^2","SPI/Dual/Quad","P","-","-","","-"
"W25Q-JW","W25Q16JWZPJQG","16","Mb","133","-","1.65","1.95","-40","105","SON","5x6","MM^2","SPI/Dual/Quad","P","-","-","","-"
"W25Q-NE","W25Q16NEBYIG","16","Mb","133","133","1.14","1.26","-40","85","WLCSP","","","SPI/Dual/Quad","S","-","-","","-"
"W25Q-NE","W25Q16NEBYIGG","16","Mb","133","133","1.14","1.26","-40","85","WLCSP","","","SPI/Dual/Quad","S","-","-","","-"
"W25Q-NE","W25Q16NESNIG","16","Mb","133","133","1.14","1.26","-40","85","SOP","150","MIL","SPI/Dual/Quad","P","-","-","","-"
"W25Q-NE","W25Q16NESNIGG","16","Mb","133","133","1.14","1.26","-40","85","SOP","150","MIL","SPI/Dual/Quad","P","-","-","","-"
"W25Q-NE","W25Q16NEUXIG","16","Mb","133","133","1.14","1.26","-40","85","USON","2x3","MM^2","SPI/Dual/Quad","P","-","-","","-"
"W25Q-NE","W25Q16NEUXIGG","16","Mb","133","133","1.14","1.26","-40","85","USON","2x3","MM^2","SPI/Dual/Quad","P","-","-","","-"
"W25Q-NE","W25Q16NEXHIG","16","Mb","133","133","1.14","1.26","-40","85","XSON","2x3","MM^2","SPI/Dual/Quad","P","-","-","","-"
"W25Q-NE","W25Q16NEXHIGG","16","Mb","133","133","1.14","1.26","-40","85","XSON","2x3","MM^2","SPI/Dual/Quad","P","-","-","","-"
"W25Q-PW","W25Q16PWSNIM","16","Mb","166","104","1.65","1.95","-40","85","SOP","150","MIL","SPI/Dual/Quad","S","-","-","","-"
"W25Q-PW","W25Q16PWSNIMG","16","Mb","166","104","1.65","1.95","-40","85","SOP","150","MIL","SPI/Dual/Quad","S","-","-","","-"
"W25Q-PW","W25Q16PWSNIQ","16","Mb","166","-","1.65","1.95","-40","85","SOP","150","MIL","SPI/Dual/Quad","S","-","-","","-"
"W25Q-PW","W25Q16PWSNIQG","16","Mb","166","-","1.65","1.95","-40","85","SOP","150","MIL","SPI/Dual/Quad","S","-","-","","-"
"W25Q-PW","W25Q16PWSSIM","16","Mb","166","104","1.65","1.95","-40","85","SOP","208","MIL","SPI/Dual/Quad","S","-","-","","-"
"W25Q-PW","W25Q16PWSSIMG","16","Mb","166","104","1.65","1.95","-40","85","SOP","208","MIL","SPI/Dual/Quad","S","-","-","","-"
"W25Q-PW","W25Q16PWSSIQ","16","Mb","166","-","1.65","1.95","-40","85","SOP","208","MIL","SPI/Dual/Quad","S","-","-","","-"
"W25Q-PW","W25Q16PWSSIQG","16","Mb","166","-","1.65","1.95","-40","85","SOP","208","MIL","SPI/Dual/Quad","S","-","-","","-"
"W25Q-PW","W25Q16PWUUIM","16","Mb","166","104","1.65","1.95","-40","85","USON","4x3","MM^2","SPI/Dual/Quad","S","-","-","","-"
"W25Q-PW","W25Q16PWUUIMG","16","Mb","166","104","1.65","1.95","-40","85","USON","4x3","MM^2","SPI/Dual/Quad","S","-","-","","-"
"W25Q-PW","W25Q16PWUUIQ","16","Mb","166","-","1.65","1.95","-40","85","USON","4x3","MM^2","SPI/Dual/Quad","S","-","-","","-"
"W25Q-PW","W25Q16PWUUIQG","16","Mb","166","-","1.65","1.95","-40","85","USON","4x3","MM^2","SPI/Dual/Quad","S","-","-","","-"
"W25Q-PW","W25Q16PWXHIM","16","Mb","166","104","1.65","1.95","-40","85","XSON","2x3","MM^2","SPI/Dual/Quad","S","-","-","","-"
"W25Q-PW","W25Q16PWXHIMG","16","Mb","166","104","1.65","1.95","-40","85","XSON","2x3","MM^2","SPI/Dual/Quad","S","-","-","","-"
"W25Q-PW","W25Q16PWXHIQ","16","Mb","166","-","1.65","1.95","-40","85","XSON","2x3","MM^2","SPI/Dual/Quad","S","-","-","","-"
"W25Q-PW","W25Q16PWXHIQG","16","Mb","166","-","1.65","1.95","-40","85","XSON","2x3","MM^2","SPI/Dual/Quad","S","-","-","","-"
"W25Q-RL","W25Q16RLCNJM","16","Mb","133","84","2.3","3.6","-40","105","SOP","150","MIL","SPI/Dual/Quad","S","-","-","","-"
"W25Q-RL","W25Q16RLCNJMG","16","Mb","133","84","2.3","3.6","-40","105","SOP","150","MIL","SPI/Dual/Quad","S","-","-","","-"
"W25Q-RL","W25Q16RLCNJQ","16","Mb","133","-","2.3","3.6","-40","105","SOP","150","MIL","SPI/Dual/Quad","S","-","-","","-"
"W25Q-RL","W25Q16RLCNJQG","16","Mb","133","-","2.3","3.6","-40","105","SOP","150","MIL","SPI/Dual/Quad","S","-","-","","-"
"W25Q-RL","W25Q16RLCPJM","16","Mb","133","84","2.3","3.6","-40","105","SON","5x6","MM^2","SPI/Dual/Quad","S","-","-","","-"
"W25Q-RL","W25Q16RLCPJMG","16","Mb","133","84","2.3","3.6","-40","105","SON","5x6","MM^2","SPI/Dual/Quad","S","-","-","","-"
"W25Q-RL","W25Q16RLCPJQ","16","Mb","133","-","2.3","3.6","-40","105","SON","5x6","MM^2","SPI/Dual/Quad","S","-","-","","-"
"W25Q-RL","W25Q16RLCPJQG","16","Mb","133","-","2.3","3.6","-40","105","SON","5x6","MM^2","SPI/Dual/Quad","S","-","-","","-"
"W25Q-RL","W25Q16RLCSJM","16","Mb","133","84","2.3","3.6","-40","105","SOP","208","MIL","SPI/Dual/Quad","S","-","-","","-"
"W25Q-RL","W25Q16RLCSJMG","16","Mb","133","84","2.3","3.6","-40","105","SOP","208","MIL","SPI/Dual/Quad","S","-","-","","-"
"W25Q-RL","W25Q16RLCSJQ","16","Mb","133","-","2.3","3.6","-40","105","SOP","208","MIL","SPI/Dual/Quad","S","-","-","","-"
"W25Q-RL","W25Q16RLCSJQG","16","Mb","133","-","2.3","3.6","-40","105","SOP","208","MIL","SPI/Dual/Quad","S","-","-","","-"
"W25Q-RL","W25Q16RLXHJM","16","Mb","133","84","2.3","3.6","-40","105","XSON","2x3","MM^2","SPI/Dual/Quad","S","-","-","","-"
"W25Q-RL","W25Q16RLXHJMG","16","Mb","133","84","2.3","3.6","-40","105","XSON","2x3","MM^2","SPI/Dual/Quad","S","-","-","","-"
"W25Q-RL","W25Q16RLXHJQ","16","Mb","133","-","2.3","3.6","-40","105","XSON","2x3","MM^2","SPI/Dual/Quad","S","-","-","","-"
"W25Q-RL","W25Q16RLXHJQG","16","Mb","133","-","2.3","3.6","-40","105","XSON","2x3","MM^2","SPI/Dual/Quad","S","-","-","","-"
"W25Q-RV","W25Q16RVCNJM","16","Mb","133","84","2.7","3.6","-40","105","SOP","150","MIL","SPI/Dual/Quad","P","-","-","","-"
"W25Q-RV","W25Q16RVCNJMG","16","Mb","133","84","2.7","3.6","-40","105","SOP","150","MIL","SPI/Dual/Quad","P","-","-","","-"
"W25Q-RV","W25Q16RVCNJQ","16","Mb","133","-","2.7","3.6","-40","105","SOP","150","MIL","SPI/Dual/Quad","P","-","-","","-"
"W25Q-RV","W25Q16RVCNJQG","16","Mb","133","-","2.7","3.6","-40","105","SOP","150","MIL","SPI/Dual/Quad","P","-","-","","-"
"W25Q-RV","W25Q16RVCPJM","16","Mb","133","84","2.7","3.6","-40","105","SON","5x6","MM^2","SPI/Dual/Quad","P","-","-","","-"
"W25Q-RV","W25Q16RVCPJMG","16","Mb","133","84","2.7","3.6","-40","105","SON","5x6","MM^2","SPI/Dual/Quad","P","-","-","","-"
"W25Q-RV","W25Q16RVCPJQ","16","Mb","133","-","2.7","3.6","-40","105","SON","5x6","MM^2","SPI/Dual/Quad","P","-","-","","-"
"W25Q-RV","W25Q16RVCPJQG","16","Mb","133","-","2.7","3.6","-40","105","SON","5x6","MM^2","SPI/Dual/Quad","P","-","-","","-"
"W25Q-RV","W25Q16RVCSJM","16","Mb","133","84","2.7","3.6","-40","105","SOP","208","MIL","SPI/Dual/Quad","P","-","-","","-"
"W25Q-RV","W25Q16RVCSJMG","16","Mb","133","84","2.7","3.6","-40","105","SOP","208","MIL","SPI/Dual/Quad","P","-","-","","-"
"W25Q-RV","W25Q16RVCSJQ","16","Mb","133","-","2.7","3.6","-40","105","SOP","208","MIL","SPI/Dual/Quad","P","-","-","","-"
"W25Q-RV","W25Q16RVCSJQG","16","Mb","133","-","2.7","3.6","-40","105","SOP","208","MIL","SPI/Dual/Quad","P","-","-","","-"
"W25Q-RV","W25Q16RVSNAM","16","Mb","133","84","2.7","3.6","-40","105","SOP","150","MIL","SPI/Dual/Quad","-","S","AG2","","-"
"W25Q-RV","W25Q16RVSNAMG","16","Mb","133","84","2.7","3.6","-40","105","SOP","150","MIL","SPI/Dual/Quad","-","S","AG2","","-"
"W25Q-RV","W25Q16RVSNAQ","16","Mb","133","-","2.7","3.6","-40","105","SOP","150","MIL","SPI/Dual/Quad","-","S","AG2","","-"
"W25Q-RV","W25Q16RVSNAQG","16","Mb","133","-","2.7","3.6","-40","105","SOP","150","MIL","SPI/Dual/Quad","-","S","AG2","","-"
"W25Q-RV","W25Q16RVSNSM","16","Mb","133","84","2.7","3.6","-40","125","SOP","150","MIL","SPI/Dual/Quad","-","S","AG1","","-"
"W25Q-RV","W25Q16RVSNSMG","16","Mb","133","84","2.7","3.6","-40","125","SOP","150","MIL","SPI/Dual/Quad","-","S","AG1","","-"
"W25Q-RV","W25Q16RVSNSQ","16","Mb","133","-","2.7","3.6","-40","125","SOP","150","MIL","SPI/Dual/Quad","-","S","AG1","","-"
"W25Q-RV","W25Q16RVSNSQG","16","Mb","133","-","2.7","3.6","-40","125","SOP","150","MIL","SPI/Dual/Quad","-","S","AG1","","-"
"W25Q-RV","W25Q16RVSSAM","16","Mb","133","84","2.7","3.6","-40","105","SOP","208","MIL","SPI/Dual/Quad","-","S","AG2","","-"
"W25Q-RV","W25Q16RVSSAMG","16","Mb","133","84","2.7","3.6","-40","105","SOP","208","MIL","SPI/Dual/Quad","-","S","AG2","","-"
"W25Q-RV","W25Q16RVSSAQ","16","Mb","133","-","2.7","3.6","-40","105","SOP","208","MIL","SPI/Dual/Quad","-","S","AG2","","-"
"W25Q-RV","W25Q16RVSSAQG","16","Mb","133","-","2.7","3.6","-40","105","SOP","208","MIL","SPI/Dual/Quad","-","S","AG2","","-"
"W25Q-RV","W25Q16RVSSSM","16","Mb","133","84","2.7","3.6","-40","125","SOP","208","MIL","SPI/Dual/Quad","-","S","AG1","","-"
"W25Q-RV","W25Q16RVSSSMG","16","Mb","133","84","2.7","3.6","-40","125","SOP","208","MIL","SPI/Dual/Quad","-","S","AG1","","-"
"W25Q-RV","W25Q16RVSSSQ","16","Mb","133","-","2.7","3.6","-40","125","SOP","208","MIL","SPI/Dual/Quad","-","S","AG1","","-"
"W25Q-RV","W25Q16RVSSSQG","16","Mb","133","-","2.7","3.6","-40","125","SOP","208","MIL","SPI/Dual/Quad","-","S","AG1","","-"
"W25Q-RV","W25Q16RVXHAM","16","Mb","133","84","2.7","3.6","-40","105","XSON","2x3","MM^2","SPI/Dual/Quad","-","S","AG2","","-"
"W25Q-RV","W25Q16RVXHAMG","16","Mb","133","84","2.7","3.6","-40","105","XSON","2x3","MM^2","SPI/Dual/Quad","-","S","AG2","","-"
"W25Q-RV","W25Q16RVXHAQ","16","Mb","133","-","2.7","3.6","-40","105","XSON","2x3","MM^2","SPI/Dual/Quad","-","S","AG2","","-"
"W25Q-RV","W25Q16RVXHAQG","16","Mb","133","-","2.7","3.6","-40","105","XSON","2x3","MM^2","SPI/Dual/Quad","-","S","AG2","","-"
"W25Q-RV","W25Q16RVXHJM","16","Mb","133","84","2.7","3.6","-40","105","XSON","2x3","MM^2","SPI/Dual/Quad","P","-","-","","-"
"W25Q-RV","W25Q16RVXHJMG","16","Mb","133","84","2.7","3.6","-40","105","XSON","2x3","MM^2","SPI/Dual/Quad","P","-","-","","-"
"W25Q-RV","W25Q16RVXHJQ","16","Mb","133","-","2.7","3.6","-40","105","XSON","2x3","MM^2","SPI/Dual/Quad","P","-","-","","-"
"W25Q-RV","W25Q16RVXHJQG","16","Mb","133","-","2.7","3.6","-40","105","XSON","2x3","MM^2","SPI/Dual/Quad","P","-","-","","-"
"W25Q-RV","W25Q16RVXHSM","16","Mb","133","84","2.7","3.6","-40","125","XSON","2x3","MM^2","SPI/Dual/Quad","-","S","AG1","","-"
"W25Q-RV","W25Q16RVXHSMG","16","Mb","133","84","2.7","3.6","-40","125","XSON","2x3","MM^2","SPI/Dual/Quad","-","S","AG1","","-"
"W25Q-RV","W25Q16RVXHSQ","16","Mb","133","-","2.7","3.6","-40","125","XSON","2x3","MM^2","SPI/Dual/Quad","-","S","AG1","","-"
"W25Q-RV","W25Q16RVXHSQG","16","Mb","133","-","2.7","3.6","-40","125","XSON","2x3","MM^2","SPI/Dual/Quad","-","S","AG1","","-"
"W25Q-RV","W25Q16RVZPAM","16","Mb","133","84","2.7","3.6","-40","105","SON","5x6","MM^2","SPI/Dual/Quad","-","S","AG2","","-"
"W25Q-RV","W25Q16RVZPAMG","16","Mb","133","84","2.7","3.6","-40","105","SON","5x6","MM^2","SPI/Dual/Quad","-","S","AG2","","-"
"W25Q-RV","W25Q16RVZPAQ","16","Mb","133","-","2.7","3.6","-40","105","SON","5x6","MM^2","SPI/Dual/Quad","-","S","AG2","","-"
"W25Q-RV","W25Q16RVZPAQG","16","Mb","133","-","2.7","3.6","-40","105","SON","5x6","MM^2","SPI/Dual/Quad","-","S","AG2","","-"
"W25Q-RV","W25Q16RVZPSM","16","Mb","133","84","2.7","3.6","-40","125","SON","5x6","MM^2","SPI/Dual/Quad","-","S","AG1","","-"
"W25Q-RV","W25Q16RVZPSMG","16","Mb","133","84","2.7","3.6","-40","125","SON","5x6","MM^2","SPI/Dual/Quad","-","S","AG1","","-"
"W25Q-RV","W25Q16RVZPSQ","16","Mb","133","-","2.7","3.6","-40","125","SON","5x6","MM^2","SPI/Dual/Quad","-","S","AG1","","-"
"W25Q-RV","W25Q16RVZPSQG","16","Mb","133","-","2.7","3.6","-40","125","SON","5x6","MM^2","SPI/Dual/Quad","-","S","AG1","","-"
"W25Q-EW","W25Q20EWUXIE","2","Mb","104","-","1.65","1.95","-40","85","USON","2x3","MM^2","SPI/Dual/Quad","P","-","-","","-"
"W25Q-EW","W25Q20EWUXIEG","2","Mb","104","-","1.65","1.95","-40","85","USON","2x3","MM^2","SPI/Dual/Quad","P","-","-","","-"
"W25Q-RL","W25Q20RLSNJM","2","Mb","133","84","2.3","3.6","-40","105","SOP","150","MIL","SPI/Dual/Quad","P","-","-","","-"
"W25Q-RL","W25Q20RLSNJMG","2","Mb","133","84","2.3","3.6","-40","105","SOP","150","MIL","SPI/Dual/Quad","P","-","-","","-"
"W25Q-RL","W25Q20RLSNJQ","2","Mb","133","-","2.3","3.6","-40","105","SOP","150","MIL","SPI/Dual/Quad","P","-","-","","-"
"W25Q-RL","W25Q20RLSNJQG","2","Mb","133","-","2.3","3.6","-40","105","SOP","150","MIL","SPI/Dual/Quad","P","-","-","","-"
"W25Q-RL","W25Q20RLXHJM","2","Mb","133","84","2.3","3.6","-40","105","XSON","2x3","MM^2","SPI/Dual/Quad","P","-","-","","-"
"W25Q-RL","W25Q20RLXHJMG","2","Mb","133","84","2.3","3.6","-40","105","XSON","2x3","MM^2","SPI/Dual/Quad","P","-","-","","-"
"W25Q-RL","W25Q20RLXHJQ","2","Mb","133","-","2.3","3.6","-40","105","XSON","2x3","MM^2","SPI/Dual/Quad","P","-","-","","-"
"W25Q-RL","W25Q20RLXHJQG","2","Mb","133","-","2.3","3.6","-40","105","XSON","2x3","MM^2","SPI/Dual/Quad","P","-","-","","-"
"W25Q-RV","W25Q20RVSNAM","2","Mb","133","84","2.7","3.6","-40","105","SOP","150","MIL","SPI/Dual/Quad","-","S","AG2","","-"
"W25Q-RV","W25Q20RVSNAMG","2","Mb","133","84","2.7","3.6","-40","105","SOP","150","MIL","SPI/Dual/Quad","-","S","AG2","","-"
"W25Q-RV","W25Q20RVSNAQ","2","Mb","133","-","2.7","3.6","-40","105","SOP","150","MIL","SPI/Dual/Quad","-","S","AG2","","-"
"W25Q-RV","W25Q20RVSNAQG","2","Mb","133","-","2.7","3.6","-40","105","SOP","150","MIL","SPI/Dual/Quad","-","S","AG2","","-"
"W25Q-RV","W25Q20RVSNSM","2","Mb","133","84","2.7","3.6","-40","125","SOP","150","MIL","SPI/Dual/Quad","-","S","AG1","","-"
"W25Q-RV","W25Q20RVSNSMG","2","Mb","133","84","2.7","3.6","-40","125","SOP","150","MIL","SPI/Dual/Quad","-","S","AG1","","-"
"W25Q-RV","W25Q20RVSNSQ","2","Mb","133","-","2.7","3.6","-40","125","SOP","150","MIL","SPI/Dual/Quad","-","S","AG1","","-"
"W25Q-RV","W25Q20RVSNSQG","2","Mb","133","-","2.7","3.6","-40","125","SOP","150","MIL","SPI/Dual/Quad","-","S","AG1","","-"
"W25Q-RV","W25Q20RVXHAM","2","Mb","133","84","2.7","3.6","-40","105","XSON","2x3","MM^2","SPI/Dual/Quad","-","S","AG2","","-"
"W25Q-RV","W25Q20RVXHAMG","2","Mb","133","84","2.7","3.6","-40","105","XSON","2x3","MM^2","SPI/Dual/Quad","-","S","AG2","","-"
"W25Q-RV","W25Q20RVXHAQ","2","Mb","133","-","2.7","3.6","-40","105","XSON","2x3","MM^2","SPI/Dual/Quad","-","S","AG2","","-"
"W25Q-RV","W25Q20RVXHAQG","2","Mb","133","-","2.7","3.6","-40","105","XSON","2x3","MM^2","SPI/Dual/Quad","-","S","AG2","","-"
"W25Q-RV","W25Q20RVXHSM","2","Mb","133","84","2.7","3.6","-40","125","XSON","2x3","MM^2","SPI/Dual/Quad","-","S","AG1","","-"
"W25Q-RV","W25Q20RVXHSMG","2","Mb","133","84","2.7","3.6","-40","125","XSON","2x3","MM^2","SPI/Dual/Quad","-","S","AG1","","-"
"W25Q-RV","W25Q20RVXHSQ","2","Mb","133","-","2.7","3.6","-40","125","XSON","2x3","MM^2","SPI/Dual/Quad","-","S","AG1","","-"
"W25Q-RV","W25Q20RVXHSQG","2","Mb","133","-","2.7","3.6","-40","125","XSON","2x3","MM^2","SPI/Dual/Quad","-","S","AG1","","-"
"W25Q-JV","W25Q256JVBAM","256","Mb","133","66","2.7","3.6","-40","105","TFBGA (5x5)","6x8","MM^2","SPI/Dual/Quad","-","P","AG2","","-"
"W25Q-JV","W25Q256JVBAMG","256","Mb","133","66","2.7","3.6","-40","105","TFBGA (5x5)","6x8","MM^2","SPI/Dual/Quad","-","P","AG2","","-"
"W25Q-JV","W25Q256JVBAQ","256","Mb","104","-","2.7","3.6","-40","105","TFBGA (5x5)","6x8","MM^2","SPI/Dual/Quad","-","P","AG2","","-"
"W25Q-JV","W25Q256JVBAQG","256","Mb","104","-","2.7","3.6","-40","105","TFBGA (5x5)","6x8","MM^2","SPI/Dual/Quad","-","P","AG2","","-"
"W25Q-JV","W25Q256JVBIM","256","Mb","133","66","2.7","3.6","-40","85","TFBGA (5x5)","6x8","MM^2","SPI/Dual/Quad","N","-","-","","-"
"W25Q-JV","W25Q256JVBIMG","256","Mb","133","66","2.7","3.6","-40","85","TFBGA (5x5)","6x8","MM^2","SPI/Dual/Quad","N","-","-","","-"
"W25Q-JV","W25Q256JVBIQ","256","Mb","133","-","2.7","3.6","-40","85","TFBGA (5x5)","6x8","MM^2","SPI/Dual/Quad","N","-","-","","-"
"W25Q-JV","W25Q256JVBIQG","256","Mb","133","-","2.7","3.6","-40","85","TFBGA (5x5)","6x8","MM^2","SPI/Dual/Quad","N","-","-","","-"
"W25Q-JV","W25Q256JVBJM","256","Mb","133","66","2.7","3.6","-40","105","TFBGA (5x5)","6x8","MM^2","SPI/Dual/Quad","N","-","-","","-"
"W25Q-JV","W25Q256JVBJMG","256","Mb","133","66","2.7","3.6","-40","105","TFBGA (5x5)","6x8","MM^2","SPI/Dual/Quad","N","-","-","","-"
"W25Q-JV","W25Q256JVBJQ","256","Mb","133","-","2.7","3.6","-40","105","TFBGA (5x5)","6x8","MM^2","SPI/Dual/Quad","N","-","-","","-"
"W25Q-JV","W25Q256JVBJQG","256","Mb","133","-","2.7","3.6","-40","105","TFBGA (5x5)","6x8","MM^2","SPI/Dual/Quad","N","-","-","","-"
"W25Q-JV","W25Q256JVBSM","256","Mb","133","66","2.7","3.6","-40","125","TFBGA (5x5)","6x8","MM^2","SPI/Dual/Quad","-","P","AG1","","-"
"W25Q-JV","W25Q256JVBSMG","256","Mb","133","66","2.7","3.6","-40","125","TFBGA (5x5)","6x8","MM^2","SPI/Dual/Quad","-","P","AG1","","-"
"W25Q-JV","W25Q256JVBSQ","256","Mb","104","-","2.7","3.6","-40","125","TFBGA (5x5)","6x8","MM^2","SPI/Dual/Quad","-","P","AG1","","-"
"W25Q-JV","W25Q256JVBSQG","256","Mb","104","-","2.7","3.6","-40","125","TFBGA (5x5)","6x8","MM^2","SPI/Dual/Quad","-","P","AG1","","-"
"W25Q-JV","W25Q256JVCAQ","256","Mb","104","-","2.7","3.6","-40","105","TFBGA (4x6)","6x8","MM^2","SPI/Dual/Quad","-","P","AG2","","-"
"W25Q-JV","W25Q256JVCAQG","256","Mb","104","-","2.7","3.6","-40","105","TFBGA (4x6)","6x8","MM^2","SPI/Dual/Quad","-","P","AG2","","-"
"W25Q-JV","W25Q256JVCIM","256","Mb","133","66","2.7","3.6","-40","85","TFBGA (4x6)","6x8","MM^2","SPI/Dual/Quad","N","-","-","","-"
"W25Q-JV","W25Q256JVCIMG","256","Mb","133","66","2.7","3.6","-40","85","TFBGA (4x6)","6x8","MM^2","SPI/Dual/Quad","N","-","-","","-"
"W25Q-JV","W25Q256JVCIQ","256","Mb","133","-","2.7","3.6","-40","85","TFBGA (4x6)","6x8","MM^2","SPI/Dual/Quad","N","-","-","","-"
"W25Q-JV","W25Q256JVCIQG","256","Mb","133","-","2.7","3.6","-40","85","TFBGA (4x6)","6x8","MM^2","SPI/Dual/Quad","N","-","-","","-"
"W25Q-JV","W25Q256JVCJQ","256","Mb","133","-","2.7","3.6","-40","105","TFBGA (4x6)","6x8","MM^2","SPI/Dual/Quad","N","-","-","","-"
"W25Q-JV","W25Q256JVCJQG","256","Mb","133","-","2.7","3.6","-40","105","TFBGA (4x6)","6x8","MM^2","SPI/Dual/Quad","N","-","-","","-"
"W25Q-JV","W25Q256JVEAM","256","Mb","133","66","2.7","3.6","-40","105","SON","8x6","MM^2","SPI/Dual/Quad","-","P","AG2","","-"
"W25Q-JV","W25Q256JVEAMG","256","Mb","133","66","2.7","3.6","-40","105","SON","8x6","MM^2","SPI/Dual/Quad","-","P","AG2","","-"
"W25Q-JV","W25Q256JVEAQ","256","Mb","104","-","2.7","3.6","-40","105","SON","8x6","MM^2","SPI/Dual/Quad","-","P","AG2","","-"
"W25Q-JV","W25Q256JVEAQG","256","Mb","104","-","2.7","3.6","-40","105","SON","8x6","MM^2","SPI/Dual/Quad","-","P","AG2","","-"
"W25Q-JV","W25Q256JVEIM","256","Mb","133","66","2.7","3.6","-40","85","SON","8x6","MM^2","SPI/Dual/Quad","N","-","-","","-"
"W25Q-JV","W25Q256JVEIMG","256","Mb","133","66","2.7","3.6","-40","85","SON","8x6","MM^2","SPI/Dual/Quad","N","-","-","","-"
"W25Q-JV","W25Q256JVEIN","256","Mb","133","-","2.7","3.6","-40","85","SON","8x6","MM^2","SPI/Dual/Quad","N","-","-","","DRV=75%"
"W25Q-JV","W25Q256JVEING","256","Mb","133","-","2.7","3.6","-40","85","SON","8x6","MM^2","SPI/Dual/Quad","N","-","-","","DRV=75%"
"W25Q-JV","W25Q256JVEIQ","256","Mb","133","-","2.7","3.6","-40","85","SON","8x6","MM^2","SPI/Dual/Quad","N","-","-","","-"
"W25Q-JV","W25Q256JVEIQG","256","Mb","133","-","2.7","3.6","-40","85","SON","8x6","MM^2","SPI/Dual/Quad","N","-","-","","-"
"W25Q-JV","W25Q256JVEJM","256","Mb","133","66","2.7","3.6","-40","105","SON","8x6","MM^2","SPI/Dual/Quad","N","-","-","","-"
"W25Q-JV","W25Q256JVEJMG","256","Mb","133","66","2.7","3.6","-40","105","SON","8x6","MM^2","SPI/Dual/Quad","N","-","-","","-"
"W25Q-JV","W25Q256JVEJQ","256","Mb","133","-","2.7","3.6","-40","105","SON","8x6","MM^2","SPI/Dual/Quad","N","-","-","","-"
"W25Q-JV","W25Q256JVEJQG","256","Mb","133","-","2.7","3.6","-40","105","SON","8x6","MM^2","SPI/Dual/Quad","N","-","-","","-"
"W25Q-JV","W25Q256JVESM","256","Mb","133","66","2.7","3.6","-40","125","SON","8x6","MM^2","SPI/Dual/Quad","-","P","AG1","","-"
"W25Q-JV","W25Q256JVESMG","256","Mb","133","66","2.7","3.6","-40","125","SON","8x6","MM^2","SPI/Dual/Quad","-","P","AG1","","-"
"W25Q-JV","W25Q256JVESQ","256","Mb","104","-","2.7","3.6","-40","125","SON","8x6","MM^2","SPI/Dual/Quad","-","P","AG1","","-"
"W25Q-JV","W25Q256JVESQG","256","Mb","104","-","2.7","3.6","-40","125","SON","8x6","MM^2","SPI/Dual/Quad","-","P","AG1","","-"
"W25Q-JV","W25Q256JVFAM","256","Mb","133","66","2.7","3.6","-40","105","SOP","300","MIL","SPI/Dual/Quad","-","P","AG2","","-"
"W25Q-JV","W25Q256JVFAMG","256","Mb","133","66","2.7","3.6","-40","105","SOP","300","MIL","SPI/Dual/Quad","-","P","AG2","","-"
"W25Q-JV","W25Q256JVFAQ","256","Mb","104","-","2.7","3.6","-40","105","SOP","300","MIL","SPI/Dual/Quad","-","P","AG2","","-"
"W25Q-JV","W25Q256JVFAQG","256","Mb","104","-","2.7","3.6","-40","105","SOP","300","MIL","SPI/Dual/Quad","-","P","AG2","","-"
"W25Q-JV","W25Q256JVFIM","256","Mb","133","66","2.7","3.6","-40","85","SOP","300","MIL","SPI/Dual/Quad","N","-","-","","-"
"W25Q-JV","W25Q256JVFIMG","256","Mb","133","66","2.7","3.6","-40","85","SOP","300","MIL","SPI/Dual/Quad","N","-","-","","-"
"W25Q-JV","W25Q256JVFIN","256","Mb","133","-","2.7","3.6","-40","85","SOP","300","MIL","SPI/Dual/Quad","N","-","-","","DRV=75%"
"W25Q-JV","W25Q256JVFING","256","Mb","133","-","2.7","3.6","-40","85","SOP","300","MIL","SPI/Dual/Quad","N","-","-","","DRV=75%"
"W25Q-JV","W25Q256JVFIQ","256","Mb","133","-","2.7","3.6","-40","85","SOP","300","MIL","SPI/Dual/Quad","N","-","-","","-"
"W25Q-JV","W25Q256JVFIQG","256","Mb","133","-","2.7","3.6","-40","85","SOP","300","MIL","SPI/Dual/Quad","N","-","-","","-"
"W25Q-JV","W25Q256JVFJM","256","Mb","133","66","2.7","3.6","-40","105","SOP","300","MIL","SPI/Dual/Quad","N","-","-","","-"
"W25Q-JV","W25Q256JVFJMG","256","Mb","133","66","2.7","3.6","-40","105","SOP","300","MIL","SPI/Dual/Quad","N","-","-","","-"
"W25Q-JV","W25Q256JVFJQ","256","Mb","133","-","2.7","3.6","-40","105","SOP","300","MIL","SPI/Dual/Quad","N","-","-","","-"
"W25Q-JV","W25Q256JVFJQG","256","Mb","133","-","2.7","3.6","-40","105","SOP","300","MIL","SPI/Dual/Quad","N","-","-","","-"
"W25Q-JV","W25Q256JVFSM","256","Mb","133","66","2.7","3.6","-40","125","SOP","300","MIL","SPI/Dual/Quad","-","P","AG1","","-"
"W25Q-JV","W25Q256JVFSMG","256","Mb","133","66","2.7","3.6","-40","125","SOP","300","MIL","SPI/Dual/Quad","-","P","AG1","","-"
"W25Q-JV","W25Q256JVFSQ","256","Mb","104","-","2.7","3.6","-40","125","SOP","300","MIL","SPI/Dual/Quad","-","P","AG1","","-"
"W25Q-JV","W25Q256JVFSQG","256","Mb","104","-","2.7","3.6","-40","125","SOP","300","MIL","SPI/Dual/Quad","-","P","AG1","","-"
"W25Q-JW","W25Q256JWBAM","256","Mb","104","66","1.7","1.95","-40","105","TFBGA (5x5)","6x8","MM^2","SPI/Dual/Quad","-","P","AG2","","-"
"W25Q-JW","W25Q256JWBAMG","256","Mb","104","66","1.7","1.95","-40","105","TFBGA (5x5)","6x8","MM^2","SPI/Dual/Quad","-","P","AG2","","-"
"W25Q-JW","W25Q256JWBAQ","256","Mb","104","-","1.7","1.95","-40","105","TFBGA (5x5)","6x8","MM^2","SPI/Dual/Quad","-","P","AG2","","-"
"W25Q-JW","W25Q256JWBAQG","256","Mb","104","-","1.7","1.95","-40","105","TFBGA (5x5)","6x8","MM^2","SPI/Dual/Quad","-","P","AG2","","-"
"W25Q-JW","W25Q256JWBIM","256","Mb","133","66","1.7","1.95","-40","85","TFBGA (5x5)","6x8","MM^2","SPI/Dual/Quad","P","-","-","","-"
"W25Q-JW","W25Q256JWBIMG","256","Mb","133","66","1.7","1.95","-40","85","TFBGA (5x5)","6x8","MM^2","SPI/Dual/Quad","P","-","-","","-"
"W25Q-JW","W25Q256JWBIQ","256","Mb","133","-","1.7","1.95","-40","85","TFBGA (5x5)","6x8","MM^2","SPI/Dual/Quad","P","-","-","","-"
"W25Q-JW","W25Q256JWBIQG","256","Mb","133","-","1.7","1.95","-40","85","TFBGA (5x5)","6x8","MM^2","SPI/Dual/Quad","P","-","-","","-"
"W25Q-JW","W25Q256JWBSM","256","Mb","104","66","1.7","1.95","-40","125","TFBGA (5x5)","6x8","MM^2","SPI/Dual/Quad","-","P","AG1","","-"
"W25Q-JW","W25Q256JWBSMG","256","Mb","104","66","1.7","1.95","-40","125","TFBGA (5x5)","6x8","MM^2","SPI/Dual/Quad","-","P","AG1","","-"
"W25Q-JW","W25Q256JWBSQ","256","Mb","104","-","1.7","1.95","-40","125","TFBGA (5x5)","6x8","MM^2","SPI/Dual/Quad","-","P","AG1","","-"
"W25Q-JW","W25Q256JWBSQG","256","Mb","104","-","1.7","1.95","-40","125","TFBGA (5x5)","6x8","MM^2","SPI/Dual/Quad","-","P","AG1","","-"
"W25Q-JW","W25Q256JWCIM","256","Mb","133","66","1.7","1.95","-40","85","TFBGA (4x6)","6x8","MM^2","SPI/Dual/Quad","P","-","-","","-"
"W25Q-JW","W25Q256JWCIMG","256","Mb","133","66","1.7","1.95","-40","85","TFBGA (4x6)","6x8","MM^2","SPI/Dual/Quad","P","-","-","","-"
"W25Q-JW","W25Q256JWCIQ","256","Mb","133","-","1.7","1.95","-40","85","TFBGA (4x6)","6x8","MM^2","SPI/Dual/Quad","P","-","-","","-"
"W25Q-JW","W25Q256JWCIQG","256","Mb","133","-","1.7","1.95","-40","85","TFBGA (4x6)","6x8","MM^2","SPI/Dual/Quad","P","-","-","","-"
"W25Q-JW","W25Q256JWEAM","256","Mb","104","66","1.7","1.95","-40","105","SON","8x6","MM^2","SPI/Dual/Quad","-","P","AG2","","-"
"W25Q-JW","W25Q256JWEAMG","256","Mb","104","66","1.7","1.95","-40","105","SON","8x6","MM^2","SPI/Dual/Quad","-","P","AG2","","-"
"W25Q-JW","W25Q256JWEAQ","256","Mb","104","-","1.7","1.95","-40","105","SON","8x6","MM^2","SPI/Dual/Quad","-","P","AG2","","-"
"W25Q-JW","W25Q256JWEAQG","256","Mb","104","-","1.7","1.95","-40","105","SON","8x6","MM^2","SPI/Dual/Quad","-","P","AG2","","-"
"W25Q-JW","W25Q256JWEIM","256","Mb","133","66","1.7","1.95","-40","85","SON","8x6","MM^2","SPI/Dual/Quad","P","-","-","","-"
"W25Q-JW","W25Q256JWEIMG","256","Mb","133","66","1.7","1.95","-40","85","SON","8x6","MM^2","SPI/Dual/Quad","P","-","-","","-"
"W25Q-JW","W25Q256JWEIN","256","Mb","133","-","1.7","1.95","-40","85","SON","8x6","MM^2","SPI/Dual/Quad","P","-","-","","DRV=75%"
"W25Q-JW","W25Q256JWEING","256","Mb","133","-","1.7","1.95","-40","85","SON","8x6","MM^2","SPI/Dual/Quad","P","-","-","","DRV=75%"
"W25Q-JW","W25Q256JWEIQ","256","Mb","133","-","1.7","1.95","-40","85","SON","8x6","MM^2","SPI/Dual/Quad","P","-","-","","-"
"W25Q-JW","W25Q256JWEIQG","256","Mb","133","-","1.7","1.95","-40","85","SON","8x6","MM^2","SPI/Dual/Quad","P","-","-","","-"
"W25Q-JW","W25Q256JWEJQ","256","Mb","133","-","1.7","1.95","-40","105","SON","8x6","MM^2","SPI/Dual/Quad","P","-","-","","-"
"W25Q-JW","W25Q256JWEJQG","256","Mb","133","-","1.7","1.95","-40","105","SON","8x6","MM^2","SPI/Dual/Quad","P","-","-","","-"
"W25Q-JW","W25Q256JWESM","256","Mb","104","66","1.7","1.95","-40","125","SON","8x6","MM^2","SPI/Dual/Quad","-","P","AG1","","-"
"W25Q-JW","W25Q256JWESMG","256","Mb","104","66","1.7","1.95","-40","125","SON","8x6","MM^2","SPI/Dual/Quad","-","P","AG1","","-"
"W25Q-JW","W25Q256JWESQ","256","Mb","104","-","1.7","1.95","-40","125","SON","8x6","MM^2","SPI/Dual/Quad","-","P","AG1","","-"
"W25Q-JW","W25Q256JWESQG","256","Mb","104","-","1.7","1.95","-40","125","SON","8x6","MM^2","SPI/Dual/Quad","-","P","AG1","","-"
"W25Q-JW","W25Q256JWFAM","256","Mb","104","66","1.7","1.95","-40","105","SOP","300","MIL","SPI/Dual/Quad","-","P","AG2","","-"
"W25Q-JW","W25Q256JWFAMG","256","Mb","104","66","1.7","1.95","-40","105","SOP","300","MIL","SPI/Dual/Quad","-","P","AG2","","-"
"W25Q-JW","W25Q256JWFAQ","256","Mb","104","-","1.7","1.95","-40","105","SOP","300","MIL","SPI/Dual/Quad","-","P","AG2","","-"
"W25Q-JW","W25Q256JWFAQG","256","Mb","104","-","1.7","1.95","-40","105","SOP","300","MIL","SPI/Dual/Quad","-","P","AG2","","-"
"W25Q-JW","W25Q256JWFIM","256","Mb","133","66","1.7","1.95","-40","85","SOP","300","MIL","SPI/Dual/Quad","P","-","-","","-"
"W25Q-JW","W25Q256JWFIMG","256","Mb","133","66","1.7","1.95","-40","85","SOP","300","MIL","SPI/Dual/Quad","P","-","-","","-"
"W25Q-JW","W25Q256JWFIN","256","Mb","133","-","1.7","1.95","-40","85","SOP","300","MIL","SPI/Dual/Quad","P","-","-","","DRV=75%"
"W25Q-JW","W25Q256JWFING","256","Mb","133","-","1.7","1.95","-40","85","SOP","300","MIL","SPI/Dual/Quad","P","-","-","","DRV=75%"
"W25Q-JW","W25Q256JWFIQ","256","Mb","133","-","1.7","1.95","-40","85","SOP","300","MIL","SPI/Dual/Quad","P","-","-","","-"
"W25Q-JW","W25Q256JWFIQG","256","Mb","133","-","1.7","1.95","-40","85","SOP","300","MIL","SPI/Dual/Quad","P","-","-","","-"
"W25Q-JW","W25Q256JWFJQ","256","Mb","133","-","1.7","1.95","-40","105","SOP","300","MIL","SPI/Dual/Quad","P","-","-","","-"
"W25Q-JW","W25Q256JWFJQG","256","Mb","133","-","1.7","1.95","-40","105","SOP","300","MIL","SPI/Dual/Quad","P","-","-","","-"
"W25Q-JW","W25Q256JWFSM","256","Mb","104","66","1.7","1.95","-40","125","SOP","300","MIL","SPI/Dual/Quad","-","P","AG1","","-"
"W25Q-JW","W25Q256JWFSMG","256","Mb","104","66","1.7","1.95","-40","125","SOP","300","MIL","SPI/Dual/Quad","-","P","AG1","","-"
"W25Q-JW","W25Q256JWFSQ","256","Mb","104","-","1.7","1.95","-40","125","SOP","300","MIL","SPI/Dual/Quad","-","P","AG1","","-"
"W25Q-JW","W25Q256JWFSQG","256","Mb","104","-","1.7","1.95","-40","125","SOP","300","MIL","SPI/Dual/Quad","-","P","AG1","","-"
"W25Q-JW","W25Q256JWPAM","256","Mb","104","66","1.7","1.95","-40","105","SON","5x6","MM^2","SPI/Dual/Quad","-","P","AG2","","-"
"W25Q-JW","W25Q256JWPAMG","256","Mb","104","66","1.7","1.95","-40","105","SON","5x6","MM^2","SPI/Dual/Quad","-","P","AG2","","-"
"W25Q-JW","W25Q256JWPAQ","256","Mb","104","-","1.7","1.95","-40","105","SON","5x6","MM^2","SPI/Dual/Quad","-","P","AG2","","-"
"W25Q-JW","W25Q256JWPAQG","256","Mb","104","-","1.7","1.95","-40","105","SON","5x6","MM^2","SPI/Dual/Quad","-","P","AG2","","-"
"W25Q-JW","W25Q256JWPIM","256","Mb","133","66","1.7","1.95","-40","85","SON","5x6","MM^2","SPI/Dual/Quad","P","-","-","","-"
"W25Q-JW","W25Q256JWPIMG","256","Mb","133","66","1.7","1.95","-40","85","SON","5x6","MM^2","SPI/Dual/Quad","P","-","-","","-"
"W25Q-JW","W25Q256JWPIQ","256","Mb","133","-","1.7","1.95","-40","85","SON","5x6","MM^2","SPI/Dual/Quad","P","-","-","","-"
"W25Q-JW","W25Q256JWPIQG","256","Mb","133","-","1.7","1.95","-40","85","SON","5x6","MM^2","SPI/Dual/Quad","P","-","-","","-"
"W25Q-JW","W25Q256JWPJQ","256","Mb","133","-","1.7","1.95","-40","105","SON","5x6","MM^2","SPI/Dual/Quad","P","-","-","","-"
"W25Q-JW","W25Q256JWPJQG","256","Mb","133","-","1.7","1.95","-40","105","SON","5x6","MM^2","SPI/Dual/Quad","P","-","-","","-"
"W25Q-JW","W25Q256JWYIM","256","Mb","133","66","1.7","1.95","-40","85","WLCSP","","","SPI/Dual/Quad","P","-","-","","-"
"W25Q-JW","W25Q256JWYIMG","256","Mb","133","66","1.7","1.95","-40","85","WLCSP","","","SPI/Dual/Quad","P","-","-","","-"
"W25Q-JW","W25Q256JWYIQ","256","Mb","133","-","1.7","1.95","-40","85","WLCSP","","","SPI/Dual/Quad","P","-","-","","-"
"W25Q-JW","W25Q256JWYIQG","256","Mb","133","-","1.7","1.95","-40","85","WLCSP","","","SPI/Dual/Quad","P","-","-","","-"
"W25Q-JV","W25Q257JVEIQ","256","Mb","133","-","2.7","3.6","-40","85","SON","8x6","MM^2","SPI/Dual/Quad","N","-","-","","4-Byte Address Mode Default"
"W25Q-JV","W25Q257JVEIQG","256","Mb","133","-","2.7","3.6","-40","85","SON","8x6","MM^2","SPI/Dual/Quad","N","-","-","","4-Byte Address Mode Default"
"W25Q-JV","W25Q257JVFIQ","256","Mb","133","-","2.7","3.6","-40","85","SOP","300","MIL","SPI/Dual/Quad","N","-","-","","4-Byte Address Mode Default"
"W25Q-JV","W25Q257JVFIQG","256","Mb","133","-","2.7","3.6","-40","85","SOP","300","MIL","SPI/Dual/Quad","N","-","-","","4-Byte Address Mode Default"
"W25Q-NE","W25Q25NEBYIG","256","Mb","104","84","1.14","1.26","-40","85","WLCSP","","","SPI/Dual/Quad","UD","-","-","","-"
"W25Q-NE","W25Q25NEBYIGG","256","Mb","104","84","1.14","1.26","-40","85","WLCSP","","","SPI/Dual/Quad","UD","-","-","","-"
"W25Q-NE","W25Q25NESFIG","256","Mb","104","84","1.14","1.26","-40","85","SOP","300","MIL","SPI/Dual/Quad","P","-","-","","-"
"W25Q-NE","W25Q25NESFIGG","256","Mb","104","84","1.14","1.26","-40","85","SOP","300","MIL","SPI/Dual/Quad","P","-","-","","-"
"W25Q-NE","W25Q25NEZEIG","256","Mb","104","84","1.14","1.26","-40","85","SON","8x6","MM^2","SPI/Dual/Quad","P","-","-","","-"
"W25Q-NE","W25Q25NEZEIGG","256","Mb","104","84","1.14","1.26","-40","85","SON","8x6","MM^2","SPI/Dual/Quad","P","-","-","","-"
"W25Q-NE","W25Q25NEZPIG","256","Mb","104","84","1.14","1.26","-40","85","SON","5x6","MM^2","SPI/Dual/Quad","P","-","-","","-"
"W25Q-NE","W25Q25NEZPIGG","256","Mb","104","84","1.14","1.26","-40","85","SON","5x6","MM^2","SPI/Dual/Quad","P","-","-","","-"
"W25Q-PW","W25Q25PWBYIH","256","Mb","166","104","1.65","1.95","-40","85","WLCSP","","","SPI/Dual/Quad","S","-","-","1","BUSY output"
"W25Q-PW","W25Q25PWBYIHG","256","Mb","166","104","1.65","1.95","-40","85","WLCSP","","","SPI/Dual/Quad","S","-","-","1","BUSY output"
"W25Q-PW","W25Q25PWBYIJ","256","Mb","166","104","1.65","1.95","-40","85","WLCSP","","","SPI/Dual/Quad","S","-","-","1","BUSY output"
"W25Q-PW","W25Q25PWBYIJG","256","Mb","166","104","1.65","1.95","-40","85","WLCSP","","","SPI/Dual/Quad","S","-","-","1","BUSY output"
"W25Q-PW","W25Q25PWSFIM","256","Mb","166","104","1.65","1.95","-40","85","SOP","300","MIL","SPI/Dual/Quad","S","-","-","1","-"
"W25Q-PW","W25Q25PWSFIMG","256","Mb","166","104","1.65","1.95","-40","85","SOP","300","MIL","SPI/Dual/Quad","S","-","-","1","-"
"W25Q-PW","W25Q25PWSFIQ","256","Mb","166","104","1.65","1.95","-40","85","SOP","300","MIL","SPI/Dual/Quad","S","-","-","1","-"
"W25Q-PW","W25Q25PWSFIQG","256","Mb","166","104","1.65","1.95","-40","85","SOP","300","MIL","SPI/Dual/Quad","S","-","-","1","-"
"W25Q-PW","W25Q25PWSSIM","256","Mb","166","104","1.65","1.95","-40","85","SOP","208","MIL","SPI/Dual/Quad","S","-","-","1","-"
"W25Q-PW","W25Q25PWSSIMG","256","Mb","166","104","1.65","1.95","-40","85","SOP","208","MIL","SPI/Dual/Quad","S","-","-","1","-"
"W25Q-PW","W25Q25PWSSIQ","256","Mb","166","104","1.65","1.95","-40","85","SOP","208","MIL","SPI/Dual/Quad","S","-","-","1","-"
"W25Q-PW","W25Q25PWSSIQG","256","Mb","166","104","1.65","1.95","-40","85","SOP","208","MIL","SPI/Dual/Quad","S","-","-","1","-"
"W25Q-PW","W25Q25PWTBIM","256","Mb","166","104","1.65","1.95","-40","85","TFBGA (5x5)","6x8","MM^2","SPI/Dual/Quad","S","-","-","1","-"
"W25Q-PW","W25Q25PWTBIMG","256","Mb","166","104","1.65","1.95","-40","85","TFBGA (5x5)","6x8","MM^2","SPI/Dual/Quad","S","-","-","1","-"
"W25Q-PW","W25Q25PWTBIQ","256","Mb","166","104","1.65","1.95","-40","85","TFBGA (5x5)","6x8","MM^2","SPI/Dual/Quad","S","-","-","1","-"
"W25Q-PW","W25Q25PWTBIQG","256","Mb","166","104","1.65","1.95","-40","85","TFBGA (5x5)","6x8","MM^2","SPI/Dual/Quad","S","-","-","1","-"
"W25Q-PW","W25Q25PWXCIM","256","Mb","166","104","1.65","1.95","-40","85","FOXSON","4x4","MM^2","SPI/Dual/Quad","S","-","-","1","-"
"W25Q-PW","W25Q25PWXCIMG","256","Mb","166","104","1.65","1.95","-40","85","FOXSON","4x4","MM^2","SPI/Dual/Quad","S","-","-","1","-"
"W25Q-PW","W25Q25PWXCIQ","256","Mb","166","104","1.65","1.95","-40","85","FOXSON","4x4","MM^2","SPI/Dual/Quad","S","-","-","1","-"
"W25Q-PW","W25Q25PWXCIQG","256","Mb","166","104","1.65","1.95","-40","85","FOXSON","4x4","MM^2","SPI/Dual/Quad","S","-","-","1","-"
"W25Q-PW","W25Q25PWZEIM","256","Mb","166","104","1.65","1.95","-40","85","SON","8x6","MM^2","SPI/Dual/Quad","S","-","-","1","-"
"W25Q-PW","W25Q25PWZEIMG","256","Mb","166","104","1.65","1.95","-40","85","SON","8x6","MM^2","SPI/Dual/Quad","S","-","-","1","-"
"W25Q-PW","W25Q25PWZEIQ","256","Mb","166","104","1.65","1.95","-40","85","SON","8x6","MM^2","SPI/Dual/Quad","S","-","-","1","-"
"W25Q-PW","W25Q25PWZEIQG","256","Mb","166","104","1.65","1.95","-40","85","SON","8x6","MM^2","SPI/Dual/Quad","S","-","-","1","-"
"W25Q-PW","W25Q25PWZPIM","256","Mb","166","104","1.65","1.95","-40","85","SON","5x6","MM^2","SPI/Dual/Quad","S","-","-","1","-"
"W25Q-PW","W25Q25PWZPIMG","256","Mb","166","104","1.65","1.95","-40","85","SON","5x6","MM^2","SPI/Dual/Quad","S","-","-","1","-"
"W25Q-PW","W25Q25PWZPIQ","256","Mb","166","104","1.65","1.95","-40","85","SON","5x6","MM^2","SPI/Dual/Quad","S","-","-","1","-"
"W25Q-PW","W25Q25PWZPIQG","256","Mb","166","104","1.65","1.95","-40","85","SON","5x6","MM^2","SPI/Dual/Quad","S","-","-","1","-"
"W25Q-PY","W25Q25PYBYIH","256","Mb","133","","1.65","1.95","-40","85","WLCSP","","","SPI/Dual/Quad","UD","-","-","1","1.2V I/O, RESET output"
"W25Q-PY","W25Q25PYBYIHG","256","Mb","133","","1.65","1.95","-40","85","WLCSP","","","SPI/Dual/Quad","UD","-","-","1","1.2V I/O, RESET output"
"W25Q-PY","W25Q25PYBYIJ","256","Mb","133","84","1.65","1.95","-40","85","WLCSP","","","SPI/Dual/Quad","UD","-","-","1","1.2V I/O, RESET output"
"W25Q-PY","W25Q25PYBYIJG","256","Mb","133","84","1.65","1.95","-40","85","WLCSP","","","SPI/Dual/Quad","UD","-","-","1","1.2V I/O, RESET output"
"W25Q-PY","W25Q25PYTBIJ","256","Mb","133","84","1.65","1.95","-40","85","TFBGA (5x5)","6x8","MM^2","SPI/Dual/Quad","UD","-","-","1","1.2V I/O, RESET output"
"W25Q-PY","W25Q25PYTBIJG","256","Mb","133","84","1.65","1.95","-40","85","TFBGA (5x5)","6x8","MM^2","SPI/Dual/Quad","UD","-","-","1","1.2V I/O, RESET output"
"W25Q-PY","W25Q25PYTBIM","256","Mb","133","84","1.65","1.95","-40","85","TFBGA (5x5)","6x8","MM^2","SPI/Dual/Quad","UD","-","-","1","1.2V I/O, RESET output"
"W25Q-PY","W25Q25PYTBIMG","256","Mb","133","84","1.65","1.95","-40","85","TFBGA (5x5)","6x8","MM^2","SPI/Dual/Quad","UD","-","-","1","1.2V I/O, RESET output"
"W25Q-PY","W25Q25PYTBIQ","256","Mb","133","","1.65","1.95","-40","85","TFBGA (5x5)","6x8","MM^2","SPI/Dual/Quad","UD","-","-","1","1.2V I/O, RESET output"
"W25Q-PY","W25Q25PYTBIQG","256","Mb","133","","1.65","1.95","-40","85","TFBGA (5x5)","6x8","MM^2","SPI/Dual/Quad","UD","-","-","1","1.2V I/O, RESET output"
"W25Q-PY","W25Q25PYZNIH","256","Mb","133","","1.65","1.95","-40","85","WQFN","5x6","MM^2","SPI/Dual/Quad","UD","-","-","1","1.2V I/O, RESET output"
"W25Q-PY","W25Q25PYZNIHG","256","Mb","133","","1.65","1.95","-40","85","WQFN","5x6","MM^2","SPI/Dual/Quad","UD","-","-","1","1.2V I/O, RESET output"
"W25Q-PY","W25Q25PYZNIJ","256","Mb","133","84","1.65","1.95","-40","85","WQFN","5x6","MM^2","SPI/Dual/Quad","UD","-","-","1","1.2V I/O, RESET output"
"W25Q-PY","W25Q25PYZNIJG","256","Mb","133","84","1.65","1.95","-40","85","WQFN","5x6","MM^2","SPI/Dual/Quad","UD","-","-","1","1.2V I/O, RESET output"
"W25Q-PY","W25Q25PYZNIM","256","Mb","133","84","1.65","1.95","-40","85","WQFN","5x6","MM^2","SPI/Dual/Quad","UD","-","-","1","1.2V I/O, RESET output"
"W25Q-PY","W25Q25PYZNIMG","256","Mb","133","84","1.65","1.95","-40","85","WQFN","5x6","MM^2","SPI/Dual/Quad","UD","-","-","1","1.2V I/O, RESET output"
"W25Q-RV","W25Q25RVCBJM","256","Mb","133","104","2.7","3.6","-40","105","TFBGA (5x5)","6x8","MM^2","SPI/Dual/Quad","P","-","-","1","-"
"W25Q-RV","W25Q25RVCBJMG","256","Mb","133","104","2.7","3.6","-40","105","TFBGA (5x5)","6x8","MM^2","SPI/Dual/Quad","P","-","-","1","-"
"W25Q-RV","W25Q25RVCBJQ","256","Mb","133","-","2.7","3.6","-40","105","TFBGA (5x5)","6x8","MM^2","SPI/Dual/Quad","P","-","-","1","-"
"W25Q-RV","W25Q25RVCBJQG","256","Mb","133","-","2.7","3.6","-40","105","TFBGA (5x5)","6x8","MM^2","SPI/Dual/Quad","P","-","-","1","-"
"W25Q-RV","W25Q25RVCEJM","256","Mb","133","104","2.7","3.6","-40","105","SON","8x6","MM^2","SPI/Dual/Quad","P","-","-","1","-"
"W25Q-RV","W25Q25RVCEJMG","256","Mb","133","104","2.7","3.6","-40","105","SON","8x6","MM^2","SPI/Dual/Quad","P","-","-","1","-"
"W25Q-RV","W25Q25RVCEJQ","256","Mb","133","-","2.7","3.6","-40","105","SON","8x6","MM^2","SPI/Dual/Quad","P","-","-","1","-"
"W25Q-RV","W25Q25RVCEJQG","256","Mb","133","-","2.7","3.6","-40","105","SON","8x6","MM^2","SPI/Dual/Quad","P","-","-","1","-"
"W25Q-RV","W25Q25RVCFJM","256","Mb","133","104","2.7","3.6","-40","105","SOP","300","MIL","SPI/Dual/Quad","P","-","-","1","-"
"W25Q-RV","W25Q25RVCFJMG","256","Mb","133","104","2.7","3.6","-40","105","SOP","300","MIL","SPI/Dual/Quad","P","-","-","1","-"
"W25Q-RV","W25Q25RVCFJQ","256","Mb","133","-","2.7","3.6","-40","105","SOP","300","MIL","SPI/Dual/Quad","P","-","-","1","-"
"W25Q-RV","W25Q25RVCFJQG","256","Mb","133","-","2.7","3.6","-40","105","SOP","300","MIL","SPI/Dual/Quad","P","-","-","1","-"
"W25Q-RV","W25Q25RVCPJM","256","Mb","133","104","2.7","3.6","-40","105","SON","5x6","MM^2","SPI/Dual/Quad","P","-","-","1","-"
"W25Q-RV","W25Q25RVCPJMG","256","Mb","133","104","2.7","3.6","-40","105","SON","5x6","MM^2","SPI/Dual/Quad","P","-","-","1","-"
"W25Q-RV","W25Q25RVCPJQ","256","Mb","133","-","2.7","3.6","-40","105","SON","5x6","MM^2","SPI/Dual/Quad","P","-","-","1","-"
"W25Q-RV","W25Q25RVCPJQG","256","Mb","133","-","2.7","3.6","-40","105","SON","5x6","MM^2","SPI/Dual/Quad","P","-","-","1","-"
"W25Q-RW","W25Q25RWCBJM","256","Mb","166","133","1.65","1.95","-40","105","TFBGA (5x5)","6x8","MM^2","SPI/Dual/Quad","UD","-","-","1","-"
"W25Q-RW","W25Q25RWCBJMG","256","Mb","166","133","1.65","1.95","-40","105","TFBGA (5x5)","6x8","MM^2","SPI/Dual/Quad","UD","-","-","1","-"
"W25Q-RW","W25Q25RWCBJQ","256","Mb","166","-","1.65","1.95","-40","105","TFBGA (5x5)","6x8","MM^2","SPI/Dual/Quad","UD","-","-","1","-"
"W25Q-RW","W25Q25RWCBJQG","256","Mb","166","-","1.65","1.95","-40","105","TFBGA (5x5)","6x8","MM^2","SPI/Dual/Quad","UD","-","-","1","-"
"W25Q-RW","W25Q25RWCEJM","256","Mb","166","133","1.65","1.95","-40","105","SON","8x6","MM^2","SPI/Dual/Quad","UD","-","-","1","-"
"W25Q-RW","W25Q25RWCEJMG","256","Mb","166","133","1.65","1.95","-40","105","SON","8x6","MM^2","SPI/Dual/Quad","UD","-","-","1","-"
"W25Q-RW","W25Q25RWCEJQ","256","Mb","166","-","1.65","1.95","-40","105","SON","8x6","MM^2","SPI/Dual/Quad","UD","-","-","1","-"
"W25Q-RW","W25Q25RWCEJQG","256","Mb","166","-","1.65","1.95","-40","105","SON","8x6","MM^2","SPI/Dual/Quad","UD","-","-","1","-"
"W25Q-RW","W25Q25RWCFJM","256","Mb","166","133","1.65","1.95","-40","105","SOP","300","MIL","SPI/Dual/Quad","S","-","-","1","-"
"W25Q-RW","W25Q25RWCFJMG","256","Mb","166","133","1.65","1.95","-40","105","SOP","300","MIL","SPI/Dual/Quad","S","-","-","1","-"
"W25Q-RW","W25Q25RWCFJQ","256","Mb","166","-","1.65","1.95","-40","105","SOP","300","MIL","SPI/Dual/Quad","UD","-","-","1","-"
"W25Q-RW","W25Q25RWCFJQG","256","Mb","166","-","1.65","1.95","-40","105","SOP","300","MIL","SPI/Dual/Quad","UD","-","-","1","-"
"W25Q-RW","W25Q25RWCPJM","256","Mb","166","133","1.65","1.95","-40","105","SON","5x6","MM^2","SPI/Dual/Quad","UD","-","-","1","-"
"W25Q-RW","W25Q25RWCPJMG","256","Mb","166","133","1.65","1.95","-40","105","SON","5x6","MM^2","SPI/Dual/Quad","UD","-","-","1","-"
"W25Q-RW","W25Q25RWCPJQ","256","Mb","166","-","1.65","1.95","-40","105","SON","5x6","MM^2","SPI/Dual/Quad","UD","-","-","1","-"
"W25Q-RW","W25Q25RWCPJQG","256","Mb","166","-","1.65","1.95","-40","105","SON","5x6","MM^2","SPI/Dual/Quad","UD","-","-","1","-"
"W25Q-JV","W25Q32JVSFAM","32","Mb","133","66","2.7","3.6","-40","105","SOP","300","MIL","SPI/Dual/Quad","-","P","AG2","","-"
"W25Q-JV","W25Q32JVSFAMG","32","Mb","133","66","2.7","3.6","-40","105","SOP","300","MIL","SPI/Dual/Quad","-","P","AG2","","-"
"W25Q-JV","W25Q32JVSFAQ","32","Mb","133","-","2.7","3.6","-40","105","SOP","300","MIL","SPI/Dual/Quad","-","P","AG2","","-"
"W25Q-JV","W25Q32JVSFAQG","32","Mb","133","-","2.7","3.6","-40","105","SOP","300","MIL","SPI/Dual/Quad","-","P","AG2","","-"
"W25Q-JV","W25Q32JVSFIM","32","Mb","133","66","2.7","3.6","-40","85","SOP","300","MIL","SPI/Dual/Quad","N","-","-","","-"
"W25Q-JV","W25Q32JVSFIMG","32","Mb","133","66","2.7","3.6","-40","85","SOP","300","MIL","SPI/Dual/Quad","N","-","-","","-"
"W25Q-JV","W25Q32JVSFIQ","32","Mb","133","-","2.7","3.6","-40","85","SOP","300","MIL","SPI/Dual/Quad","N","-","-","","-"
"W25Q-JV","W25Q32JVSFIQG","32","Mb","133","-","2.7","3.6","-40","85","SOP","300","MIL","SPI/Dual/Quad","N","-","-","","-"
"W25Q-JV","W25Q32JVSFJM","32","Mb","133","66","2.7","3.6","-40","105","SOP","300","MIL","SPI/Dual/Quad","N","-","-","","-"
"W25Q-JV","W25Q32JVSFJMG","32","Mb","133","66","2.7","3.6","-40","105","SOP","300","MIL","SPI/Dual/Quad","N","-","-","","-"
"W25Q-JV","W25Q32JVSFJQ","32","Mb","133","-","2.7","3.6","-40","105","SOP","300","MIL","SPI/Dual/Quad","N","-","-","","-"
"W25Q-JV","W25Q32JVSFJQG","32","Mb","133","-","2.7","3.6","-40","105","SOP","300","MIL","SPI/Dual/Quad","N","-","-","","-"
"W25Q-JV","W25Q32JVSFSM","32","Mb","133","66","2.7","3.6","-40","125","SOP","300","MIL","SPI/Dual/Quad","-","P","AG1","","-"
"W25Q-JV","W25Q32JVSFSMG","32","Mb","133","66","2.7","3.6","-40","125","SOP","300","MIL","SPI/Dual/Quad","-","P","AG1","","-"
"W25Q-JV","W25Q32JVSFSQ","32","Mb","133","-","2.7","3.6","-40","125","SOP","300","MIL","SPI/Dual/Quad","-","P","AG1","","-"
"W25Q-JV","W25Q32JVSFSQG","32","Mb","133","-","2.7","3.6","-40","125","SOP","300","MIL","SPI/Dual/Quad","-","P","AG1","","-"
"W25Q-JV","W25Q32JVSNAM","32","Mb","133","66","2.7","3.6","-40","105","SOP","150","MIL","SPI/Dual/Quad","-","P","AG2","","-"
"W25Q-JV","W25Q32JVSNAMG","32","Mb","133","66","2.7","3.6","-40","105","SOP","150","MIL","SPI/Dual/Quad","-","P","AG2","","-"
"W25Q-JV","W25Q32JVSNAQ","32","Mb","133","-","2.7","3.6","-40","105","SOP","150","MIL","SPI/Dual/Quad","-","P","AG2","","-"
"W25Q-JV","W25Q32JVSNAQG","32","Mb","133","-","2.7","3.6","-40","105","SOP","150","MIL","SPI/Dual/Quad","-","P","AG2","","-"
"W25Q-JV","W25Q32JVSNIM","32","Mb","133","66","2.7","3.6","-40","85","SOP","150","MIL","SPI/Dual/Quad","N","-","-","","-"
"W25Q-JV","W25Q32JVSNIMG","32","Mb","133","66","2.7","3.6","-40","85","SOP","150","MIL","SPI/Dual/Quad","N","-","-","","-"
"W25Q-JV","W25Q32JVSNIQ","32","Mb","133","-","2.7","3.6","-40","85","SOP","150","MIL","SPI/Dual/Quad","N","-","-","","-"
"W25Q-JV","W25Q32JVSNIQG","32","Mb","133","-","2.7","3.6","-40","85","SOP","150","MIL","SPI/Dual/Quad","N","-","-","","-"
"W25Q-JV","W25Q32JVSNJM","32","Mb","133","66","2.7","3.6","-40","105","SOP","150","MIL","SPI/Dual/Quad","N","-","-","","-"
"W25Q-JV","W25Q32JVSNJMG","32","Mb","133","66","2.7","3.6","-40","105","SOP","150","MIL","SPI/Dual/Quad","N","-","-","","-"
"W25Q-JV","W25Q32JVSNJQ","32","Mb","133","-","2.7","3.6","-40","105","SOP","150","MIL","SPI/Dual/Quad","N","-","-","","-"
"W25Q-JV","W25Q32JVSNJQG","32","Mb","133","-","2.7","3.6","-40","105","SOP","150","MIL","SPI/Dual/Quad","N","-","-","","-"
"W25Q-JV","W25Q32JVSNSM","32","Mb","133","66","2.7","3.6","-40","125","SOP","150","MIL","SPI/Dual/Quad","-","P","AG1","","-"
"W25Q-JV","W25Q32JVSNSMG","32","Mb","133","66","2.7","3.6","-40","125","SOP","150","MIL","SPI/Dual/Quad","-","P","AG1","","-"
"W25Q-JV","W25Q32JVSNSQ","32","Mb","133","-","2.7","3.6","-40","125","SOP","150","MIL","SPI/Dual/Quad","-","P","AG1","","-"
"W25Q-JV","W25Q32JVSNSQG","32","Mb","133","-","2.7","3.6","-40","125","SOP","150","MIL","SPI/Dual/Quad","-","P","AG1","","-"
"W25Q-JV","W25Q32JVSSAM","32","Mb","133","66","2.7","3.6","-40","105","SOP","208","MIL","SPI/Dual/Quad","-","P","AG2","","-"
"W25Q-JV","W25Q32JVSSAMG","32","Mb","133","66","2.7","3.6","-40","105","SOP","208","MIL","SPI/Dual/Quad","-","P","AG2","","-"
"W25Q-JV","W25Q32JVSSAQ","32","Mb","133","-","2.7","3.6","-40","105","SOP","208","MIL","SPI/Dual/Quad","-","P","AG2","","-"
"W25Q-JV","W25Q32JVSSAQG","32","Mb","133","-","2.7","3.6","-40","105","SOP","208","MIL","SPI/Dual/Quad","-","P","AG2","","-"
"W25Q-JV","W25Q32JVSSIM","32","Mb","133","66","2.7","3.6","-40","85","SOP","208","MIL","SPI/Dual/Quad","N","-","-","","-"
"W25Q-JV","W25Q32JVSSIMG","32","Mb","133","66","2.7","3.6","-40","85","SOP","208","MIL","SPI/Dual/Quad","N","-","-","","-"
"W25Q-JV","W25Q32JVSSIQ","32","Mb","133","-","2.7","3.6","-40","85","SOP","208","MIL","SPI/Dual/Quad","N","-","-","","-"
"W25Q-JV","W25Q32JVSSIQG","32","Mb","133","-","2.7","3.6","-40","85","SOP","208","MIL","SPI/Dual/Quad","N","-","-","","-"
"W25Q-JV","W25Q32JVSSJM","32","Mb","133","66","2.7","3.6","-40","105","SOP","208","MIL","SPI/Dual/Quad","N","-","-","","-"
"W25Q-JV","W25Q32JVSSJMG","32","Mb","133","66","2.7","3.6","-40","105","SOP","208","MIL","SPI/Dual/Quad","N","-","-","","-"
"W25Q-JV","W25Q32JVSSJQ","32","Mb","133","-","2.7","3.6","-40","105","SOP","208","MIL","SPI/Dual/Quad","N","-","-","","-"
"W25Q-JV","W25Q32JVSSJQG","32","Mb","133","-","2.7","3.6","-40","105","SOP","208","MIL","SPI/Dual/Quad","N","-","-","","-"
"W25Q-JV","W25Q32JVSSSM","32","Mb","133","66","2.7","3.6","-40","125","SOP","208","MIL","SPI/Dual/Quad","-","P","AG1","","-"
"W25Q-JV","W25Q32JVSSSMG","32","Mb","133","66","2.7","3.6","-40","125","SOP","208","MIL","SPI/Dual/Quad","-","P","AG1","","-"
"W25Q-JV","W25Q32JVSSSQ","32","Mb","133","-","2.7","3.6","-40","125","SOP","208","MIL","SPI/Dual/Quad","-","P","AG1","","-"
"W25Q-JV","W25Q32JVSSSQG","32","Mb","133","-","2.7","3.6","-40","125","SOP","208","MIL","SPI/Dual/Quad","-","P","AG1","","-"
"W25Q-JV","W25Q32JVTBAM","32","Mb","133","66","2.7","3.6","-40","105","TFBGA (5x5)","6x8","MM^2","SPI/Dual/Quad","-","P","AG2","","-"
"W25Q-JV","W25Q32JVTBAMG","32","Mb","133","66","2.7","3.6","-40","105","TFBGA (5x5)","6x8","MM^2","SPI/Dual/Quad","-","P","AG2","","-"
"W25Q-JV","W25Q32JVTBAQ","32","Mb","133","-","2.7","3.6","-40","105","TFBGA (5x5)","6x8","MM^2","SPI/Dual/Quad","-","P","AG2","","-"
"W25Q-JV","W25Q32JVTBAQG","32","Mb","133","-","2.7","3.6","-40","105","TFBGA (5x5)","6x8","MM^2","SPI/Dual/Quad","-","P","AG2","","-"
"W25Q-JV","W25Q32JVTBIM","32","Mb","133","66","2.7","3.6","-40","85","TFBGA (5x5)","6x8","MM^2","SPI/Dual/Quad","N","-","-","","-"
"W25Q-JV","W25Q32JVTBIMG","32","Mb","133","66","2.7","3.6","-40","85","TFBGA (5x5)","6x8","MM^2","SPI/Dual/Quad","N","-","-","","-"
"W25Q-JV","W25Q32JVTBIQ","32","Mb","133","-","2.7","3.6","-40","85","TFBGA (5x5)","6x8","MM^2","SPI/Dual/Quad","N","-","-","","-"
"W25Q-JV","W25Q32JVTBIQG","32","Mb","133","-","2.7","3.6","-40","85","TFBGA (5x5)","6x8","MM^2","SPI/Dual/Quad","N","-","-","","-"
"W25Q-JV","W25Q32JVTBJM","32","Mb","133","66","2.7","3.6","-40","105","TFBGA (5x5)","6x8","MM^2","SPI/Dual/Quad","N","-","-","","-"
"W25Q-JV","W25Q32JVTBJMG","32","Mb","133","66","2.7","3.6","-40","105","TFBGA (5x5)","6x8","MM^2","SPI/Dual/Quad","N","-","-","","-"
"W25Q-JV","W25Q32JVTBJQ","32","Mb","133","-","2.7","3.6","-40","105","TFBGA (5x5)","6x8","MM^2","SPI/Dual/Quad","N","-","-","","-"
"W25Q-JV","W25Q32JVTBJQG","32","Mb","133","-","2.7","3.6","-40","105","TFBGA (5x5)","6x8","MM^2","SPI/Dual/Quad","N","-","-","","-"
"W25Q-JV","W25Q32JVTBSM","32","Mb","133","66","2.7","3.6","-40","125","TFBGA (5x5)","6x8","MM^2","SPI/Dual/Quad","-","P","AG1","","-"
"W25Q-JV","W25Q32JVTBSMG","32","Mb","133","66","2.7","3.6","-40","125","TFBGA (5x5)","6x8","MM^2","SPI/Dual/Quad","-","P","AG1","","-"
"W25Q-JV","W25Q32JVTBSQ","32","Mb","133","-","2.7","3.6","-40","125","TFBGA (5x5)","6x8","MM^2","SPI/Dual/Quad","-","P","AG1","","-"
"W25Q-JV","W25Q32JVTBSQG","32","Mb","133","-","2.7","3.6","-40","125","TFBGA (5x5)","6x8","MM^2","SPI/Dual/Quad","-","P","AG1","","-"
"W25Q-JV","W25Q32JVTCIM","32","Mb","133","66","2.7","3.6","-40","85","TFBGA (4x6)","6x8","MM^2","SPI/Dual/Quad","N","-","-","","-"
"W25Q-JV","W25Q32JVTCIMG","32","Mb","133","66","2.7","3.6","-40","85","TFBGA (4x6)","6x8","MM^2","SPI/Dual/Quad","N","-","-","","-"
"W25Q-JV","W25Q32JVTCIQ","32","Mb","133","-","2.7","3.6","-40","85","TFBGA (4x6)","6x8","MM^2","SPI/Dual/Quad","N","-","-","","-"
"W25Q-JV","W25Q32JVTCIQG","32","Mb","133","-","2.7","3.6","-40","85","TFBGA (4x6)","6x8","MM^2","SPI/Dual/Quad","N","-","-","","-"
"W25Q-JV","W25Q32JVTCJM","32","Mb","133","66","2.7","3.6","-40","105","TFBGA (4x6)","6x8","MM^2","SPI/Dual/Quad","N","-","-","","-"
"W25Q-JV","W25Q32JVTCJMG","32","Mb","133","66","2.7","3.6","-40","105","TFBGA (4x6)","6x8","MM^2","SPI/Dual/Quad","N","-","-","","-"
"W25Q-JV","W25Q32JVTCJQ","32","Mb","133","-","2.7","3.6","-40","105","TFBGA (4x6)","6x8","MM^2","SPI/Dual/Quad","N","-","-","","-"
"W25Q-JV","W25Q32JVTCJQG","32","Mb","133","-","2.7","3.6","-40","105","TFBGA (4x6)","6x8","MM^2","SPI/Dual/Quad","N","-","-","","-"
"W25Q-JV","W25Q32JVUUAM","32","Mb","133","66","2.7","3.6","-40","105","USON","4x3","MM^2","SPI/Dual/Quad","-","P","AG2","","-"
"W25Q-JV","W25Q32JVUUAMG","32","Mb","133","66","2.7","3.6","-40","105","USON","4x3","MM^2","SPI/Dual/Quad","-","P","AG2","","-"
"W25Q-JV","W25Q32JVUUAQ","32","Mb","133","-","2.7","3.6","-40","105","USON","4x3","MM^2","SPI/Dual/Quad","-","P","AG2","","-"
"W25Q-JV","W25Q32JVUUAQG","32","Mb","133","-","2.7","3.6","-40","105","USON","4x3","MM^2","SPI/Dual/Quad","-","P","AG2","","-"
"W25Q-JV","W25Q32JVUUIM","32","Mb","133","66","2.7","3.6","-40","85","USON","4x3","MM^2","SPI/Dual/Quad","N","-","-","","-"
"W25Q-JV","W25Q32JVUUIMG","32","Mb","133","66","2.7","3.6","-40","85","USON","4x3","MM^2","SPI/Dual/Quad","N","-","-","","-"
"W25Q-JV","W25Q32JVUUIQ","32","Mb","133","-","2.7","3.6","-40","85","USON","4x3","MM^2","SPI/Dual/Quad","N","-","-","","-"
"W25Q-JV","W25Q32JVUUIQG","32","Mb","133","-","2.7","3.6","-40","85","USON","4x3","MM^2","SPI/Dual/Quad","N","-","-","","-"
"W25Q-JV","W25Q32JVUUJM","32","Mb","133","66","2.7","3.6","-40","105","USON","4x3","MM^2","SPI/Dual/Quad","N","-","-","","-"
"W25Q-JV","W25Q32JVUUJMG","32","Mb","133","66","2.7","3.6","-40","105","USON","4x3","MM^2","SPI/Dual/Quad","N","-","-","","-"
"W25Q-JV","W25Q32JVUUJQ","32","Mb","133","-","2.7","3.6","-40","105","USON","4x3","MM^2","SPI/Dual/Quad","N","-","-","","-"
"W25Q-JV","W25Q32JVUUJQG","32","Mb","133","-","2.7","3.6","-40","105","USON","4x3","MM^2","SPI/Dual/Quad","N","-","-","","-"
"W25Q-JV","W25Q32JVUUSM","32","Mb","133","66","2.7","3.6","-40","125","USON","4x3","MM^2","SPI/Dual/Quad","-","P","AG1","","-"
"W25Q-JV","W25Q32JVUUSMG","32","Mb","133","66","2.7","3.6","-40","125","USON","4x3","MM^2","SPI/Dual/Quad","-","P","AG1","","-"
"W25Q-JV","W25Q32JVUUSQ","32","Mb","133","-","2.7","3.6","-40","125","USON","4x3","MM^2","SPI/Dual/Quad","-","P","AG1","","-"
"W25Q-JV","W25Q32JVUUSQG","32","Mb","133","-","2.7","3.6","-40","125","USON","4x3","MM^2","SPI/Dual/Quad","-","P","AG1","","-"
"W25Q-JV","W25Q32JVXGAM","32","Mb","133","66","2.7","3.6","-40","105","XSON","4x4","MM^2","SPI/Dual/Quad","-","P","AG2","","-"
"W25Q-JV","W25Q32JVXGAMG","32","Mb","133","66","2.7","3.6","-40","105","XSON","4x4","MM^2","SPI/Dual/Quad","-","P","AG2","","-"
"W25Q-JV","W25Q32JVXGAQ","32","Mb","133","-","2.7","3.6","-40","105","XSON","4x4","MM^2","SPI/Dual/Quad","-","P","AG2","","-"
"W25Q-JV","W25Q32JVXGAQG","32","Mb","133","-","2.7","3.6","-40","105","XSON","4x4","MM^2","SPI/Dual/Quad","-","P","AG2","","-"
"W25Q-JV","W25Q32JVXGIM","32","Mb","133","66","2.7","3.6","-40","85","XSON","4x4","MM^2","SPI/Dual/Quad","N","-","-","","-"
"W25Q-JV","W25Q32JVXGIMG","32","Mb","133","66","2.7","3.6","-40","85","XSON","4x4","MM^2","SPI/Dual/Quad","N","-","-","","-"
"W25Q-JV","W25Q32JVXGIQ","32","Mb","133","-","2.7","3.6","-40","85","XSON","4x4","MM^2","SPI/Dual/Quad","N","-","-","","-"
"W25Q-JV","W25Q32JVXGIQG","32","Mb","133","-","2.7","3.6","-40","85","XSON","4x4","MM^2","SPI/Dual/Quad","N","-","-","","-"
"W25Q-JV","W25Q32JVXGJM","32","Mb","133","66","2.7","3.6","-40","105","XSON","4x4","MM^2","SPI/Dual/Quad","N","-","-","","-"
"W25Q-JV","W25Q32JVXGJMG","32","Mb","133","66","2.7","3.6","-40","105","XSON","4x4","MM^2","SPI/Dual/Quad","N","-","-","","-"
"W25Q-JV","W25Q32JVXGJQ","32","Mb","133","-","2.7","3.6","-40","105","XSON","4x4","MM^2","SPI/Dual/Quad","N","-","-","","-"
"W25Q-JV","W25Q32JVXGJQG","32","Mb","133","-","2.7","3.6","-40","105","XSON","4x4","MM^2","SPI/Dual/Quad","N","-","-","","-"
"W25Q-JV","W25Q32JVXGSM","32","Mb","133","66","2.7","3.6","-40","125","XSON","4x4","MM^2","SPI/Dual/Quad","-","P","AG1","","-"
"W25Q-JV","W25Q32JVXGSMG","32","Mb","133","66","2.7","3.6","-40","125","XSON","4x4","MM^2","SPI/Dual/Quad","-","P","AG1","","-"
"W25Q-JV","W25Q32JVXGSQ","32","Mb","133","-","2.7","3.6","-40","125","XSON","4x4","MM^2","SPI/Dual/Quad","-","P","AG1","","-"
"W25Q-JV","W25Q32JVXGSQG","32","Mb","133","-","2.7","3.6","-40","125","XSON","4x4","MM^2","SPI/Dual/Quad","-","P","AG1","","-"
"W25Q-JV","W25Q32JVZEAQ","32","Mb","133","-","2.7","3.6","-40","105","SON","8x6","MM^2","SPI/Dual/Quad","-","P","AG2","","-"
"W25Q-JV","W25Q32JVZEAQG","32","Mb","133","-","2.7","3.6","-40","105","SON","8x6","MM^2","SPI/Dual/Quad","-","P","AG2","","-"
"W25Q-JV","W25Q32JVZEIQ","32","Mb","133","-","2.7","3.6","-40","85","SON","8x6","MM^2","SPI/Dual/Quad","N","-","-","","-"
"W25Q-JV","W25Q32JVZEIQG","32","Mb","133","-","2.7","3.6","-40","85","SON","8x6","MM^2","SPI/Dual/Quad","N","-","-","","-"
"W25Q-JV","W25Q32JVZESQ","32","Mb","133","-","2.7","3.6","-40","125","SON","8x6","MM^2","SPI/Dual/Quad","-","P","AG1","","-"
"W25Q-JV","W25Q32JVZESQG","32","Mb","133","-","2.7","3.6","-40","125","SON","8x6","MM^2","SPI/Dual/Quad","-","P","AG1","","-"
"W25Q-JV","W25Q32JVZPAM","32","Mb","133","66","2.7","3.6","-40","105","SON","5x6","MM^2","SPI/Dual/Quad","-","P","AG2","","-"
"W25Q-JV","W25Q32JVZPAMG","32","Mb","133","66","2.7","3.6","-40","105","SON","5x6","MM^2","SPI/Dual/Quad","-","P","AG2","","-"
"W25Q-JV","W25Q32JVZPAQ","32","Mb","133","-","2.7","3.6","-40","105","SON","5x6","MM^2","SPI/Dual/Quad","-","P","AG2","","-"
"W25Q-JV","W25Q32JVZPAQG","32","Mb","133","-","2.7","3.6","-40","105","SON","5x6","MM^2","SPI/Dual/Quad","-","P","AG2","","-"
"W25Q-JV","W25Q32JVZPIM","32","Mb","133","66","2.7","3.6","-40","85","SON","5x6","MM^2","SPI/Dual/Quad","N","-","-","","-"
"W25Q-JV","W25Q32JVZPIMG","32","Mb","133","66","2.7","3.6","-40","85","SON","5x6","MM^2","SPI/Dual/Quad","N","-","-","","-"
"W25Q-JV","W25Q32JVZPIQ","32","Mb","133","-","2.7","3.6","-40","85","SON","5x6","MM^2","SPI/Dual/Quad","N","-","-","","-"
"W25Q-JV","W25Q32JVZPIQG","32","Mb","133","-","2.7","3.6","-40","85","SON","5x6","MM^2","SPI/Dual/Quad","N","-","-","","-"
"W25Q-JV","W25Q32JVZPJM","32","Mb","133","66","2.7","3.6","-40","105","SON","5x6","MM^2","SPI/Dual/Quad","N","-","-","","-"
"W25Q-JV","W25Q32JVZPJMG","32","Mb","133","66","2.7","3.6","-40","105","SON","5x6","MM^2","SPI/Dual/Quad","N","-","-","","-"
"W25Q-JV","W25Q32JVZPJQ","32","Mb","133","-","2.7","3.6","-40","105","SON","5x6","MM^2","SPI/Dual/Quad","N","-","-","","-"
"W25Q-JV","W25Q32JVZPJQG","32","Mb","133","-","2.7","3.6","-40","105","SON","5x6","MM^2","SPI/Dual/Quad","N","-","-","","-"
"W25Q-JV","W25Q32JVZPSM","32","Mb","133","66","2.7","3.6","-40","125","SON","5x6","MM^2","SPI/Dual/Quad","-","P","AG1","","-"
"W25Q-JV","W25Q32JVZPSMG","32","Mb","133","66","2.7","3.6","-40","125","SON","5x6","MM^2","SPI/Dual/Quad","-","P","AG1","","-"
"W25Q-JV","W25Q32JVZPSQ","32","Mb","133","-","2.7","3.6","-40","125","SON","5x6","MM^2","SPI/Dual/Quad","-","P","AG1","","-"
"W25Q-JV","W25Q32JVZPSQG","32","Mb","133","-","2.7","3.6","-40","125","SON","5x6","MM^2","SPI/Dual/Quad","-","P","AG1","","-"
"W25Q-JW","W25Q32JWBYIM","32","Mb","133","66","1.7","1.95","-40","85","WLCSP","","","SPI/Dual/Quad","P","-","-","","-"
"W25Q-JW","W25Q32JWBYIMG","32","Mb","133","66","1.7","1.95","-40","85","WLCSP","","","SPI/Dual/Quad","P","-","-","","-"
"W25Q-JW","W25Q32JWBYIQ","32","Mb","133","-","1.7","1.95","-40","85","WLCSP","","","SPI/Dual/Quad","P","-","-","","-"
"W25Q-JW","W25Q32JWBYIQG","32","Mb","133","-","1.7","1.95","-40","85","WLCSP","","","SPI/Dual/Quad","P","-","-","","-"
"W25Q-JW","W25Q32JWSNAM","32","Mb","104","66","1.7","1.95","-40","105","SOP","150","MIL","SPI/Dual/Quad","-","P","AG2","","-"
"W25Q-JW","W25Q32JWSNAMG","32","Mb","104","66","1.7","1.95","-40","105","SOP","150","MIL","SPI/Dual/Quad","-","P","AG2","","-"
"W25Q-JW","W25Q32JWSNAQ","32","Mb","104","-","1.7","1.95","-40","105","SOP","150","MIL","SPI/Dual/Quad","-","P","AG2","","-"
"W25Q-JW","W25Q32JWSNAQG","32","Mb","104","-","1.7","1.95","-40","105","SOP","150","MIL","SPI/Dual/Quad","-","P","AG2","","-"
"W25Q-JW","W25Q32JWSNIM","32","Mb","133","66","1.7","1.95","-40","85","SOP","150","MIL","SPI/Dual/Quad","P","-","-","","-"
"W25Q-JW","W25Q32JWSNIMG","32","Mb","133","66","1.7","1.95","-40","85","SOP","150","MIL","SPI/Dual/Quad","P","-","-","","-"
"W25Q-JW","W25Q32JWSNIQ","32","Mb","133","-","1.7","1.95","-40","85","SOP","150","MIL","SPI/Dual/Quad","P","-","-","","-"
"W25Q-JW","W25Q32JWSNIQG","32","Mb","133","-","1.7","1.95","-40","85","SOP","150","MIL","SPI/Dual/Quad","P","-","-","","-"
"W25Q-JW","W25Q32JWSNJQ","32","Mb","133","-","1.7","1.95","-40","105","SOP","150","MIL","SPI/Dual/Quad","P","-","-","","-"
"W25Q-JW","W25Q32JWSNJQG","32","Mb","133","-","1.7","1.95","-40","105","SOP","150","MIL","SPI/Dual/Quad","P","-","-","","-"
"W25Q-JW","W25Q32JWSNSM","32","Mb","104","66","1.7","1.95","-40","125","SOP","150","MIL","SPI/Dual/Quad","-","P","AG1","","-"
"W25Q-JW","W25Q32JWSNSMG","32","Mb","104","66","1.7","1.95","-40","125","SOP","150","MIL","SPI/Dual/Quad","-","P","AG1","","-"
"W25Q-JW","W25Q32JWSNSQ","32","Mb","104","-","1.7","1.95","-40","125","SOP","150","MIL","SPI/Dual/Quad","-","P","AG1","","-"
"W25Q-JW","W25Q32JWSNSQG","32","Mb","104","-","1.7","1.95","-40","125","SOP","150","MIL","SPI/Dual/Quad","-","P","AG1","","-"
"W25Q-JW","W25Q32JWSSAM","32","Mb","104","66","1.7","1.95","-40","105","SOP","208","MIL","SPI/Dual/Quad","-","P","AG2","","-"
"W25Q-JW","W25Q32JWSSAMG","32","Mb","104","66","1.7","1.95","-40","105","SOP","208","MIL","SPI/Dual/Quad","-","P","AG2","","-"
"W25Q-JW","W25Q32JWSSAQ","32","Mb","104","-","1.7","1.95","-40","105","SOP","208","MIL","SPI/Dual/Quad","-","P","AG2","","-"
"W25Q-JW","W25Q32JWSSAQG","32","Mb","104","-","1.7","1.95","-40","105","SOP","208","MIL","SPI/Dual/Quad","-","P","AG2","","-"
"W25Q-JW","W25Q32JWSSIM","32","Mb","133","66","1.7","1.95","-40","85","SOP","208","MIL","SPI/Dual/Quad","P","-","-","","-"
"W25Q-JW","W25Q32JWSSIMG","32","Mb","133","66","1.7","1.95","-40","85","SOP","208","MIL","SPI/Dual/Quad","P","-","-","","-"
"W25Q-JW","W25Q32JWSSIQ","32","Mb","133","-","1.7","1.95","-40","85","SOP","208","MIL","SPI/Dual/Quad","P","-","-","","-"
"W25Q-JW","W25Q32JWSSIQG","32","Mb","133","-","1.7","1.95","-40","85","SOP","208","MIL","SPI/Dual/Quad","P","-","-","","-"
"W25Q-JW","W25Q32JWSSJQ","32","Mb","133","-","1.7","1.95","-40","105","SOP","208","MIL","SPI/Dual/Quad","P","-","-","","-"
"W25Q-JW","W25Q32JWSSJQG","32","Mb","133","-","1.7","1.95","-40","105","SOP","208","MIL","SPI/Dual/Quad","P","-","-","","-"
"W25Q-JW","W25Q32JWSSSM","32","Mb","104","66","1.7","1.95","-40","125","SOP","208","MIL","SPI/Dual/Quad","-","P","AG1","","-"
"W25Q-JW","W25Q32JWSSSMG","32","Mb","104","66","1.7","1.95","-40","125","SOP","208","MIL","SPI/Dual/Quad","-","P","AG1","","-"
"W25Q-JW","W25Q32JWSSSQ","32","Mb","104","-","1.7","1.95","-40","125","SOP","208","MIL","SPI/Dual/Quad","-","P","AG1","","-"
"W25Q-JW","W25Q32JWSSSQG","32","Mb","104","-","1.7","1.95","-40","125","SOP","208","MIL","SPI/Dual/Quad","-","P","AG1","","-"
"W25Q-JW","W25Q32JWTBAM","32","Mb","104","66","1.7","1.95","-40","105","TFBGA (5x5)","6x8","MM^2","SPI/Dual/Quad","-","P","AG2","","-"
"W25Q-JW","W25Q32JWTBAMG","32","Mb","104","66","1.7","1.95","-40","105","TFBGA (5x5)","6x8","MM^2","SPI/Dual/Quad","-","P","AG2","","-"
"W25Q-JW","W25Q32JWTBAQ","32","Mb","104","-","1.7","1.95","-40","105","TFBGA (5x5)","6x8","MM^2","SPI/Dual/Quad","-","P","AG2","","-"
"W25Q-JW","W25Q32JWTBAQG","32","Mb","104","-","1.7","1.95","-40","105","TFBGA (5x5)","6x8","MM^2","SPI/Dual/Quad","-","P","AG2","","-"
"W25Q-JW","W25Q32JWTBIQ","32","Mb","133","-","1.7","1.95","-40","85","TFBGA (5x5)","6x8","MM^2","SPI/Dual/Quad","P","-","-","","-"
"W25Q-JW","W25Q32JWTBIQG","32","Mb","133","-","1.7","1.95","-40","85","TFBGA (5x5)","6x8","MM^2","SPI/Dual/Quad","P","-","-","","-"
"W25Q-JW","W25Q32JWTBJQ","32","Mb","133","-","1.7","1.95","-40","105","TFBGA (5x5)","6x8","MM^2","SPI/Dual/Quad","P","-","-","","-"
"W25Q-JW","W25Q32JWTBJQG","32","Mb","133","-","1.7","1.95","-40","105","TFBGA (5x5)","6x8","MM^2","SPI/Dual/Quad","P","-","-","","-"
"W25Q-JW","W25Q32JWTBSM","32","Mb","104","66","1.7","1.95","-40","125","TFBGA (5x5)","6x8","MM^2","SPI/Dual/Quad","-","P","AG1","","-"
"W25Q-JW","W25Q32JWTBSMG","32","Mb","104","66","1.7","1.95","-40","125","TFBGA (5x5)","6x8","MM^2","SPI/Dual/Quad","-","P","AG1","","-"
"W25Q-JW","W25Q32JWTBSQ","32","Mb","104","-","1.7","1.95","-40","125","TFBGA (5x5)","6x8","MM^2","SPI/Dual/Quad","-","P","AG1","","-"
"W25Q-JW","W25Q32JWTBSQG","32","Mb","104","-","1.7","1.95","-40","125","TFBGA (5x5)","6x8","MM^2","SPI/Dual/Quad","-","P","AG1","","-"
"W25Q-JW","W25Q32JWTCIQ","32","Mb","133","-","1.7","1.95","-40","85","TFBGA (4x6)","6x8","MM^2","SPI/Dual/Quad","P","-","-","","-"
"W25Q-JW","W25Q32JWTCIQG","32","Mb","133","-","1.7","1.95","-40","85","TFBGA (4x6)","6x8","MM^2","SPI/Dual/Quad","P","-","-","","-"
"W25Q-JW","W25Q32JWUUAM","32","Mb","104","66","1.7","1.95","-40","105","USON","4x3","MM^2","SPI/Dual/Quad","-","P","AG2","","-"
"W25Q-JW","W25Q32JWUUAMG","32","Mb","104","66","1.7","1.95","-40","105","USON","4x3","MM^2","SPI/Dual/Quad","-","P","AG2","","-"
"W25Q-JW","W25Q32JWUUAQ","32","Mb","104","-","1.7","1.95","-40","105","USON","4x3","MM^2","SPI/Dual/Quad","-","P","AG2","","-"
"W25Q-JW","W25Q32JWUUAQG","32","Mb","104","-","1.7","1.95","-40","105","USON","4x3","MM^2","SPI/Dual/Quad","-","P","AG2","","-"
"W25Q-JW","W25Q32JWUUIM","32","Mb","133","66","1.7","1.95","-40","85","USON","4x3","MM^2","SPI/Dual/Quad","P","-","-","","-"
"W25Q-JW","W25Q32JWUUIMG","32","Mb","133","66","1.7","1.95","-40","85","USON","4x3","MM^2","SPI/Dual/Quad","P","-","-","","-"
"W25Q-JW","W25Q32JWUUIQ","32","Mb","133","-","1.7","1.95","-40","85","USON","4x3","MM^2","SPI/Dual/Quad","P","-","-","","-"
"W25Q-JW","W25Q32JWUUIQG","32","Mb","133","-","1.7","1.95","-40","85","USON","4x3","MM^2","SPI/Dual/Quad","P","-","-","","-"
"W25Q-JW","W25Q32JWUUJM","32","Mb","133","-","1.7","1.95","-40","105","USON","4x3","MM^2","SPI/Dual/Quad","P","-","-","","-"
"W25Q-JW","W25Q32JWUUJMG","32","Mb","133","-","1.7","1.95","-40","105","USON","4x3","MM^2","SPI/Dual/Quad","P","-","-","","-"
"W25Q-JW","W25Q32JWUUJQ","32","Mb","133","-","1.7","1.95","-40","105","USON","4x3","MM^2","SPI/Dual/Quad","P","-","-","","-"
"W25Q-JW","W25Q32JWUUJQG","32","Mb","133","-","1.7","1.95","-40","105","USON","4x3","MM^2","SPI/Dual/Quad","P","-","-","","-"
"W25Q-JW","W25Q32JWUUSM","32","Mb","104","66","1.7","1.95","-40","125","USON","4x3","MM^2","SPI/Dual/Quad","-","P","AG1","","-"
"W25Q-JW","W25Q32JWUUSMG","32","Mb","104","66","1.7","1.95","-40","125","USON","4x3","MM^2","SPI/Dual/Quad","-","P","AG1","","-"
"W25Q-JW","W25Q32JWUUSQ","32","Mb","104","-","1.7","1.95","-40","125","USON","4x3","MM^2","SPI/Dual/Quad","-","P","AG1","","-"
"W25Q-JW","W25Q32JWUUSQG","32","Mb","104","-","1.7","1.95","-40","125","USON","4x3","MM^2","SPI/Dual/Quad","-","P","AG1","","-"
"W25Q-JW","W25Q32JWXGAM","32","Mb","104","66","1.7","1.95","-40","105","XSON","4x4","MM^2","SPI/Dual/Quad","-","P","AG2","","-"
"W25Q-JW","W25Q32JWXGAMG","32","Mb","104","66","1.7","1.95","-40","105","XSON","4x4","MM^2","SPI/Dual/Quad","-","P","AG2","","-"
"W25Q-JW","W25Q32JWXGAQ","32","Mb","104","-","1.7","1.95","-40","105","XSON","4x4","MM^2","SPI/Dual/Quad","-","P","AG2","","-"
"W25Q-JW","W25Q32JWXGAQG","32","Mb","104","-","1.7","1.95","-40","105","XSON","4x4","MM^2","SPI/Dual/Quad","-","P","AG2","","-"
"W25Q-JW","W25Q32JWXGIM","32","Mb","133","66","1.7","1.95","-40","85","XSON","4x4","MM^2","SPI/Dual/Quad","P","-","-","","-"
"W25Q-JW","W25Q32JWXGIMG","32","Mb","133","66","1.7","1.95","-40","85","XSON","4x4","MM^2","SPI/Dual/Quad","P","-","-","","-"
"W25Q-JW","W25Q32JWXGIQ","32","Mb","133","-","1.7","1.95","-40","85","XSON","4x4","MM^2","SPI/Dual/Quad","P","-","-","","-"
"W25Q-JW","W25Q32JWXGIQG","32","Mb","133","-","1.7","1.95","-40","85","XSON","4x4","MM^2","SPI/Dual/Quad","P","-","-","","-"
"W25Q-JW","W25Q32JWXGSM","32","Mb","104","66","1.7","1.95","-40","125","XSON","4x4","MM^2","SPI/Dual/Quad","-","P","AG1","","-"
"W25Q-JW","W25Q32JWXGSMG","32","Mb","104","66","1.7","1.95","-40","125","XSON","4x4","MM^2","SPI/Dual/Quad","-","P","AG1","","-"
"W25Q-JW","W25Q32JWXGSQ","32","Mb","104","-","1.7","1.95","-40","125","XSON","4x4","MM^2","SPI/Dual/Quad","-","P","AG1","","-"
"W25Q-JW","W25Q32JWXGSQG","32","Mb","104","-","1.7","1.95","-40","125","XSON","4x4","MM^2","SPI/Dual/Quad","-","P","AG1","","-"
"W25Q-JW","W25Q32JWZPAM","32","Mb","104","66","1.7","1.95","-40","105","SON","5x6","MM^2","SPI/Dual/Quad","-","P","AG2","","-"
"W25Q-JW","W25Q32JWZPAMG","32","Mb","104","66","1.7","1.95","-40","105","SON","5x6","MM^2","SPI/Dual/Quad","-","P","AG2","","-"
"W25Q-JW","W25Q32JWZPAQ","32","Mb","104","-","1.7","1.95","-40","105","SON","5x6","MM^2","SPI/Dual/Quad","-","P","AG2","","-"
"W25Q-JW","W25Q32JWZPAQG","32","Mb","104","-","1.7","1.95","-40","105","SON","5x6","MM^2","SPI/Dual/Quad","-","P","AG2","","-"
"W25Q-JW","W25Q32JWZPIM","32","Mb","133","66","1.7","1.95","-40","85","SON","5x6","MM^2","SPI/Dual/Quad","P","-","-","","-"
"W25Q-JW","W25Q32JWZPIMG","32","Mb","133","66","1.7","1.95","-40","85","SON","5x6","MM^2","SPI/Dual/Quad","P","-","-","","-"
"W25Q-JW","W25Q32JWZPIQ","32","Mb","133","-","1.7","1.95","-40","85","SON","5x6","MM^2","SPI/Dual/Quad","P","-","-","","-"
"W25Q-JW","W25Q32JWZPIQG","32","Mb","133","-","1.7","1.95","-40","85","SON","5x6","MM^2","SPI/Dual/Quad","P","-","-","","-"
"W25Q-JW","W25Q32JWZPJQ","32","Mb","133","-","1.7","1.95","-40","105","SON","5x6","MM^2","SPI/Dual/Quad","P","-","-","","-"
"W25Q-JW","W25Q32JWZPJQG","32","Mb","133","-","1.7","1.95","-40","105","SON","5x6","MM^2","SPI/Dual/Quad","P","-","-","","-"
"W25Q-JW","W25Q32JWZPSM","32","Mb","104","66","1.7","1.95","-40","125","SON","5x6","MM^2","SPI/Dual/Quad","-","P","AG1","","-"
"W25Q-JW","W25Q32JWZPSMG","32","Mb","104","66","1.7","1.95","-40","125","SON","5x6","MM^2","SPI/Dual/Quad","-","P","AG1","","-"
"W25Q-JW","W25Q32JWZPSQ","32","Mb","104","-","1.7","1.95","-40","125","SON","5x6","MM^2","SPI/Dual/Quad","-","P","AG1","","-"
"W25Q-JW","W25Q32JWZPSQG","32","Mb","104","-","1.7","1.95","-40","125","SON","5x6","MM^2","SPI/Dual/Quad","-","P","AG1","","-"
"W25Q-NE","W25Q32NEBYIG","32","Mb","133","133","1.14","1.26","-40","85","WLCSP","","","SPI/Dual/Quad","S","-","-","","-"
"W25Q-NE","W25Q32NEBYIGG","32","Mb","133","133","1.14","1.26","-40","85","WLCSP","","","SPI/Dual/Quad","S","-","-","","-"
"W25Q-NE","W25Q32NESNIG","32","Mb","133","133","1.14","1.26","-40","85","SOP","150","MIL","SPI/Dual/Quad","P","-","-","","-"
"W25Q-NE","W25Q32NESNIGG","32","Mb","133","133","1.14","1.26","-40","85","SOP","150","MIL","SPI/Dual/Quad","P","-","-","","-"
"W25Q-NE","W25Q32NESSIG","32","Mb","133","133","1.14","1.26","-40","85","SOP","208","MIL","SPI/Dual/Quad","P","-","-","","-"
"W25Q-NE","W25Q32NESSIGG","32","Mb","133","133","1.14","1.26","-40","85","SOP","208","MIL","SPI/Dual/Quad","P","-","-","","-"
"W25Q-NE","W25Q32NEUUIG","32","Mb","133","133","1.14","1.26","-40","85","USON","4x3","MM^2","SPI/Dual/Quad","P","-","-","","-"
"W25Q-NE","W25Q32NEUUIGG","32","Mb","133","133","1.14","1.26","-40","85","USON","4x3","MM^2","SPI/Dual/Quad","P","-","-","","-"
"W25Q-RL","W25Q32RLCNJM","32","Mb","133","84","2.3","3.6","-40","105","SOP","150","MIL","SPI/Dual/Quad","S","-","-","","-"
"W25Q-RL","W25Q32RLCNJMG","32","Mb","133","84","2.3","3.6","-40","105","SOP","150","MIL","SPI/Dual/Quad","S","-","-","","-"
"W25Q-RL","W25Q32RLCNJQ","32","Mb","133","-","2.3","3.6","-40","105","SOP","150","MIL","SPI/Dual/Quad","S","-","-","","-"
"W25Q-RL","W25Q32RLCNJQG","32","Mb","133","-","2.3","3.6","-40","105","SOP","150","MIL","SPI/Dual/Quad","S","-","-","","-"
"W25Q-RL","W25Q32RLCPJM","32","Mb","133","84","2.3","3.6","-40","105","SON","5x6","MM^2","SPI/Dual/Quad","S","-","-","","-"
"W25Q-RL","W25Q32RLCPJMG","32","Mb","133","84","2.3","3.6","-40","105","SON","5x6","MM^2","SPI/Dual/Quad","S","-","-","","-"
"W25Q-RL","W25Q32RLCPJQ","32","Mb","133","-","2.3","3.6","-40","105","SON","5x6","MM^2","SPI/Dual/Quad","S","-","-","","-"
"W25Q-RL","W25Q32RLCPJQG","32","Mb","133","-","2.3","3.6","-40","105","SON","5x6","MM^2","SPI/Dual/Quad","S","-","-","","-"
"W25Q-RL","W25Q32RLCSJM","32","Mb","133","84","2.3","3.6","-40","105","SOP","208","MIL","SPI/Dual/Quad","S","-","-","","-"
"W25Q-RL","W25Q32RLCSJMG","32","Mb","133","84","2.3","3.6","-40","105","SOP","208","MIL","SPI/Dual/Quad","S","-","-","","-"
"W25Q-RL","W25Q32RLCSJQ","32","Mb","133","-","2.3","3.6","-40","105","SOP","208","MIL","SPI/Dual/Quad","S","-","-","","-"
"W25Q-RL","W25Q32RLCSJQG","32","Mb","133","-","2.3","3.6","-40","105","SOP","208","MIL","SPI/Dual/Quad","S","-","-","","-"
"W25Q-RL","W25Q32RLXGJM","32","Mb","133","84","2.3","3.6","-40","105","XSON","4x4","MM^2","SPI/Dual/Quad","S","-","-","","-"
"W25Q-RL","W25Q32RLXGJMG","32","Mb","133","84","2.3","3.6","-40","105","XSON","4x4","MM^2","SPI/Dual/Quad","S","-","-","","-"
"W25Q-RL","W25Q32RLXGJQ","32","Mb","133","-","2.3","3.6","-40","105","XSON","4x4","MM^2","SPI/Dual/Quad","S","-","-","","-"
"W25Q-RL","W25Q32RLXGJQG","32","Mb","133","-","2.3","3.6","-40","105","XSON","4x4","MM^2","SPI/Dual/Quad","S","-","-","","-"
"W25Q-RL","W25Q32RLXHJM","32","Mb","133","84","2.3","3.6","-40","105","XSON","2x3","MM^2","SPI/Dual/Quad","S","-","-","","-"
"W25Q-RL","W25Q32RLXHJMG","32","Mb","133","84","2.3","3.6","-40","105","XSON","2x3","MM^2","SPI/Dual/Quad","S","-","-","","-"
"W25Q-RL","W25Q32RLXHJQ","32","Mb","133","-","2.3","3.6","-40","105","XSON","2x3","MM^2","SPI/Dual/Quad","S","-","-","","-"
"W25Q-RL","W25Q32RLXHJQG","32","Mb","133","-","2.3","3.6","-40","105","XSON","2x3","MM^2","SPI/Dual/Quad","S","-","-","","-"
"W25Q-RV","W25Q32RVCNJM","32","Mb","133","84","2.7","3.6","-40","105","SOP","150","MIL","SPI/Dual/Quad","P","-","-","","-"
"W25Q-RV","W25Q32RVCNJMG","32","Mb","133","84","2.7","3.6","-40","105","SOP","150","MIL","SPI/Dual/Quad","P","-","-","","-"
"W25Q-RV","W25Q32RVCNJQ","32","Mb","133","-","2.7","3.6","-40","105","SOP","150","MIL","SPI/Dual/Quad","P","-","-","","-"
"W25Q-RV","W25Q32RVCNJQG","32","Mb","133","-","2.7","3.6","-40","105","SOP","150","MIL","SPI/Dual/Quad","P","-","-","","-"
"W25Q-RV","W25Q32RVCPJM","32","Mb","133","84","2.7","3.6","-40","105","SON","5x6","MM^2","SPI/Dual/Quad","P","-","-","","-"
"W25Q-RV","W25Q32RVCPJMG","32","Mb","133","84","2.7","3.6","-40","105","SON","5x6","MM^2","SPI/Dual/Quad","P","-","-","","-"
"W25Q-RV","W25Q32RVCPJQ","32","Mb","133","-","2.7","3.6","-40","105","SON","5x6","MM^2","SPI/Dual/Quad","P","-","-","","-"
"W25Q-RV","W25Q32RVCPJQG","32","Mb","133","-","2.7","3.6","-40","105","SON","5x6","MM^2","SPI/Dual/Quad","P","-","-","","-"
"W25Q-RV","W25Q32RVCSJM","32","Mb","133","84","2.7","3.6","-40","105","SOP","208","MIL","SPI/Dual/Quad","P","-","-","","-"
"W25Q-RV","W25Q32RVCSJMG","32","Mb","133","84","2.7","3.6","-40","105","SOP","208","MIL","SPI/Dual/Quad","P","-","-","","-"
"W25Q-RV","W25Q32RVCSJQ","32","Mb","133","-","2.7","3.6","-40","105","SOP","208","MIL","SPI/Dual/Quad","P","-","-","","-"
"W25Q-RV","W25Q32RVCSJQG","32","Mb","133","-","2.7","3.6","-40","105","SOP","208","MIL","SPI/Dual/Quad","P","-","-","","-"
"W25Q-RV","W25Q32RVUUJM","32","Mb","133","84","2.7","3.6","-40","105","USON","4x3","MM^2","SPI/Dual/Quad","P","-","-","","-"
"W25Q-RV","W25Q32RVUUJMG","32","Mb","133","84","2.7","3.6","-40","105","USON","4x3","MM^2","SPI/Dual/Quad","P","-","-","","-"
"W25Q-RV","W25Q32RVUUJQ","32","Mb","133","-","2.7","3.6","-40","105","USON","4x3","MM^2","SPI/Dual/Quad","P","-","-","","-"
"W25Q-RV","W25Q32RVUUJQG","32","Mb","133","-","2.7","3.6","-40","105","USON","4x3","MM^2","SPI/Dual/Quad","P","-","-","","-"
"W25Q-RV","W25Q32RVXGJM","32","Mb","133","84","2.7","3.6","-40","105","XSON","4x4","MM^2","SPI/Dual/Quad","S","-","-","","-"
"W25Q-RV","W25Q32RVXGJMG","32","Mb","133","84","2.7","3.6","-40","105","XSON","4x4","MM^2","SPI/Dual/Quad","S","-","-","","-"
"W25Q-RV","W25Q32RVXGJQ","32","Mb","133","-","2.7","3.6","-40","105","XSON","4x4","MM^2","SPI/Dual/Quad","S","-","-","","-"
"W25Q-RV","W25Q32RVXGJQG","32","Mb","133","-","2.7","3.6","-40","105","XSON","4x4","MM^2","SPI/Dual/Quad","S","-","-","","-"
"W25Q-RV","W25Q32RVXHAM","32","Mb","133","84","2.7","3.6","-40","105","XSON","2x3","MM^2","SPI/Dual/Quad","-","S","AG2","","-"
"W25Q-RV","W25Q32RVXHAMG","32","Mb","133","84","2.7","3.6","-40","105","XSON","2x3","MM^2","SPI/Dual/Quad","-","S","AG2","","-"
"W25Q-RV","W25Q32RVXHAQ","32","Mb","133","-","2.7","3.6","-40","105","XSON","2x3","MM^2","SPI/Dual/Quad","-","S","AG2","","-"
"W25Q-RV","W25Q32RVXHAQG","32","Mb","133","-","2.7","3.6","-40","105","XSON","2x3","MM^2","SPI/Dual/Quad","-","S","AG2","","-"
"W25Q-RV","W25Q32RVXHJM","32","Mb","133","84","2.7","3.6","-40","105","XSON","2x3","MM^2","SPI/Dual/Quad","P","-","-","","-"
"W25Q-RV","W25Q32RVXHJMG","32","Mb","133","84","2.7","3.6","-40","105","XSON","2x3","MM^2","SPI/Dual/Quad","P","-","-","","-"
"W25Q-RV","W25Q32RVXHJQ","32","Mb","133","-","2.7","3.6","-40","105","XSON","2x3","MM^2","SPI/Dual/Quad","P","-","-","","-"
"W25Q-RV","W25Q32RVXHJQG","32","Mb","133","-","2.7","3.6","-40","105","XSON","2x3","MM^2","SPI/Dual/Quad","P","-","-","","-"
"W25Q-RV","W25Q32RVXHSM","32","Mb","133","84","2.7","3.6","-40","125","XSON","2x3","MM^2","SPI/Dual/Quad","-","S","AG1","","-"
"W25Q-RV","W25Q32RVXHSMG","32","Mb","133","84","2.7","3.6","-40","125","XSON","2x3","MM^2","SPI/Dual/Quad","-","S","AG1","","-"
"W25Q-RV","W25Q32RVXHSQ","32","Mb","133","-","2.7","3.6","-40","125","XSON","2x3","MM^2","SPI/Dual/Quad","-","S","AG1","","-"
"W25Q-RV","W25Q32RVXHSQG","32","Mb","133","-","2.7","3.6","-40","125","XSON","2x3","MM^2","SPI/Dual/Quad","-","S","AG1","","-"
"W25Q-PW","W25Q33PWSNIM","32","Mb","166","104","1.65","1.95","-40","85","SOP","150","MIL","SPI/Dual/Quad","S","-","-","","-"
"W25Q-PW","W25Q33PWSNIMG","32","Mb","166","104","1.65","1.95","-40","85","SOP","150","MIL","SPI/Dual/Quad","S","-","-","","-"
"W25Q-PW","W25Q33PWSNIQ","32","Mb","166","-","1.65","1.95","-40","85","SOP","150","MIL","SPI/Dual/Quad","S","-","-","","-"
"W25Q-PW","W25Q33PWSNIQG","32","Mb","166","-","1.65","1.95","-40","85","SOP","150","MIL","SPI/Dual/Quad","S","-","-","","-"
"W25Q-PW","W25Q33PWSSIM","32","Mb","166","104","1.65","1.95","-40","85","SOP","208","MIL","SPI/Dual/Quad","S","-","-","","-"
"W25Q-PW","W25Q33PWSSIMG","32","Mb","166","104","1.65","1.95","-40","85","SOP","208","MIL","SPI/Dual/Quad","S","-","-","","-"
"W25Q-PW","W25Q33PWSSIQ","32","Mb","166","-","1.65","1.95","-40","85","SOP","208","MIL","SPI/Dual/Quad","S","-","-","","-"
"W25Q-PW","W25Q33PWSSIQG","32","Mb","166","-","1.65","1.95","-40","85","SOP","208","MIL","SPI/Dual/Quad","S","-","-","","-"
"W25Q-PW","W25Q33PWUUIM","32","Mb","166","104","1.65","1.95","-40","85","USON","4x3","MM^2","SPI/Dual/Quad","S","-","-","","-"
"W25Q-PW","W25Q33PWUUIMG","32","Mb","166","104","1.65","1.95","-40","85","USON","4x3","MM^2","SPI/Dual/Quad","S","-","-","","-"
"W25Q-PW","W25Q33PWUUIQ","32","Mb","166","-","1.65","1.95","-40","85","USON","4x3","MM^2","SPI/Dual/Quad","S","-","-","","-"
"W25Q-PW","W25Q33PWUUIQG","32","Mb","166","-","1.65","1.95","-40","85","USON","4x3","MM^2","SPI/Dual/Quad","S","-","-","","-"
"W25Q-PW","W25Q33PWXHIM","32","Mb","166","104","1.65","1.95","-40","85","XSON","2x3","MM^2","SPI/Dual/Quad","S","-","-","","-"
"W25Q-PW","W25Q33PWXHIMG","32","Mb","166","104","1.65","1.95","-40","85","XSON","2x3","MM^2","SPI/Dual/Quad","S","-","-","","-"
"W25Q-PW","W25Q33PWXHIQ","32","Mb","166","-","1.65","1.95","-40","85","XSON","2x3","MM^2","SPI/Dual/Quad","S","-","-","","-"
"W25Q-PW","W25Q33PWXHIQG","32","Mb","166","-","1.65","1.95","-40","85","XSON","2x3","MM^2","SPI/Dual/Quad","S","-","-","","-"
"W25Q-RV","W25Q33RVSNJM","32","Mb","166","133","2.7","3.6","-40","105","SOP","150","MIL","SPI/Dual/Quad","P","-","-","","-"
"W25Q-RV","W25Q33RVSNJMG","32","Mb","166","133","2.7","3.6","-40","105","SOP","150","MIL","SPI/Dual/Quad","P","-","-","","-"
"W25Q-RV","W25Q33RVSNJQ","32","Mb","166","-","2.7","3.6","-40","105","SOP","150","MIL","SPI/Dual/Quad","P","-","-","","-"
"W25Q-RV","W25Q33RVSNJQG","32","Mb","166","-","2.7","3.6","-40","105","SOP","150","MIL","SPI/Dual/Quad","P","-","-","","-"
"W25Q-RV","W25Q33RVSSJM","32","Mb","166","133","2.7","3.6","-40","105","SOP","208","MIL","SPI/Dual/Quad","P","-","-","","-"
"W25Q-RV","W25Q33RVSSJMG","32","Mb","166","133","2.7","3.6","-40","105","SOP","208","MIL","SPI/Dual/Quad","P","-","-","","-"
"W25Q-RV","W25Q33RVSSJQ","32","Mb","166","-","2.7","3.6","-40","105","SOP","208","MIL","SPI/Dual/Quad","P","-","-","","-"
"W25Q-RV","W25Q33RVSSJQG","32","Mb","166","-","2.7","3.6","-40","105","SOP","208","MIL","SPI/Dual/Quad","P","-","-","","-"
"W25Q-RV","W25Q33RVUUJM","32","Mb","166","133","2.7","3.6","-40","105","USON","4x3","MM^2","SPI/Dual/Quad","P","-","-","","-"
"W25Q-RV","W25Q33RVUUJMG","32","Mb","166","133","2.7","3.6","-40","105","USON","4x3","MM^2","SPI/Dual/Quad","P","-","-","","-"
"W25Q-RV","W25Q33RVUUJQ","32","Mb","166","-","2.7","3.6","-40","105","USON","4x3","MM^2","SPI/Dual/Quad","P","-","-","","-"
"W25Q-RV","W25Q33RVUUJQG","32","Mb","166","-","2.7","3.6","-40","105","USON","4x3","MM^2","SPI/Dual/Quad","P","-","-","","-"
"W25Q-RV","W25Q33RVXGJM","32","Mb","166","133","2.7","3.6","-40","105","XSON","4x4","MM^2","SPI/Dual/Quad","P","-","-","","-"
"W25Q-RV","W25Q33RVXGJMG","32","Mb","166","133","2.7","3.6","-40","105","XSON","4x4","MM^2","SPI/Dual/Quad","P","-","-","","-"
"W25Q-RV","W25Q33RVXGJQ","32","Mb","166","-","2.7","3.6","-40","105","XSON","4x4","MM^2","SPI/Dual/Quad","P","-","-","","-"
"W25Q-RV","W25Q33RVXGJQG","32","Mb","166","-","2.7","3.6","-40","105","XSON","4x4","MM^2","SPI/Dual/Quad","P","-","-","","-"
"W25Q-RV","W25Q33RVZPJM","32","Mb","166","133","2.7","3.6","-40","105","SON","5x6","MM^2","SPI/Dual/Quad","P","-","-","","-"
"W25Q-RV","W25Q33RVZPJMG","32","Mb","166","133","2.7","3.6","-40","105","SON","5x6","MM^2","SPI/Dual/Quad","P","-","-","","-"
"W25Q-RV","W25Q33RVZPJQ","32","Mb","166","-","2.7","3.6","-40","105","SON","5x6","MM^2","SPI/Dual/Quad","P","-","-","","-"
"W25Q-RV","W25Q33RVZPJQG","32","Mb","166","-","2.7","3.6","-40","105","SON","5x6","MM^2","SPI/Dual/Quad","P","-","-","","-"
"W25Q-EW","W25Q40EWUXIE","4","Mb","104","-","1.65","1.95","-40","85","USON","2x3","MM^2","SPI/Dual/Quad","P","-","-","","-"
"W25Q-EW","W25Q40EWUXIEG","4","Mb","104","-","1.65","1.95","-40","85","USON","2x3","MM^2","SPI/Dual/Quad","P","-","-","","-"
"W25Q-EW","W25Q40EWUXJE","4","Mb","104","-","1.65","1.95","-40","105","USON","2x3","MM^2","SPI/Dual/Quad","P","-","-","","-"
"W25Q-EW","W25Q40EWUXJEG","4","Mb","104","-","1.65","1.95","-40","105","USON","2x3","MM^2","SPI/Dual/Quad","P","-","-","","-"
"W25Q-RL","W25Q40RLSNJM","4","Mb","133","84","2.3","3.6","-40","105","SOP","150","MIL","SPI/Dual/Quad","P","-","-","","-"
"W25Q-RL","W25Q40RLSNJMG","4","Mb","133","84","2.3","3.6","-40","105","SOP","150","MIL","SPI/Dual/Quad","P","-","-","","-"
"W25Q-RL","W25Q40RLSNJQ","4","Mb","133","-","2.3","3.6","-40","105","SOP","150","MIL","SPI/Dual/Quad","P","-","-","","-"
"W25Q-RL","W25Q40RLSNJQG","4","Mb","133","-","2.3","3.6","-40","105","SOP","150","MIL","SPI/Dual/Quad","P","-","-","","-"
"W25Q-RL","W25Q40RLSSJM","4","Mb","133","84","2.3","3.6","-40","105","SOP","208","MIL","SPI/Dual/Quad","P","-","-","","-"
"W25Q-RL","W25Q40RLSSJMG","4","Mb","133","84","2.3","3.6","-40","105","SOP","208","MIL","SPI/Dual/Quad","P","-","-","","-"
"W25Q-RL","W25Q40RLSSJQ","4","Mb","133","-","2.3","3.6","-40","105","SOP","208","MIL","SPI/Dual/Quad","P","-","-","","-"
"W25Q-RL","W25Q40RLSSJQG","4","Mb","133","-","2.3","3.6","-40","105","SOP","208","MIL","SPI/Dual/Quad","P","-","-","","-"
"W25Q-RL","W25Q40RLXHJM","4","Mb","133","84","2.3","3.6","-40","105","XSON","2x3","MM^2","SPI/Dual/Quad","P","-","-","","-"
"W25Q-RL","W25Q40RLXHJMG","4","Mb","133","84","2.3","3.6","-40","105","XSON","2x3","MM^2","SPI/Dual/Quad","P","-","-","","-"
"W25Q-RL","W25Q40RLXHJQ","4","Mb","133","-","2.3","3.6","-40","105","XSON","2x3","MM^2","SPI/Dual/Quad","P","-","-","","-"
"W25Q-RL","W25Q40RLXHJQG","4","Mb","133","-","2.3","3.6","-40","105","XSON","2x3","MM^2","SPI/Dual/Quad","P","-","-","","-"
"W25Q-RL","W25Q40RLZPJM","4","Mb","133","84","2.3","3.6","-40","105","SON","5x6","MM^2","SPI/Dual/Quad","P","-","-","","-"
"W25Q-RL","W25Q40RLZPJMG","4","Mb","133","84","2.3","3.6","-40","105","SON","5x6","MM^2","SPI/Dual/Quad","P","-","-","","-"
"W25Q-RL","W25Q40RLZPJQ","4","Mb","133","-","2.3","3.6","-40","105","SON","5x6","MM^2","SPI/Dual/Quad","P","-","-","","-"
"W25Q-RL","W25Q40RLZPJQG","4","Mb","133","-","2.3","3.6","-40","105","SON","5x6","MM^2","SPI/Dual/Quad","P","-","-","","-"
"W25Q-RV","W25Q40RVSNAM","4","Mb","133","84","2.7","3.6","-40","105","SOP","150","MIL","SPI/Dual/Quad","-","S","AG2","","-"
"W25Q-RV","W25Q40RVSNAMG","4","Mb","133","84","2.7","3.6","-40","105","SOP","150","MIL","SPI/Dual/Quad","-","S","AG2","","-"
"W25Q-RV","W25Q40RVSNAQ","4","Mb","133","-","2.7","3.6","-40","105","SOP","150","MIL","SPI/Dual/Quad","-","S","AG2","","-"
"W25Q-RV","W25Q40RVSNAQG","4","Mb","133","-","2.7","3.6","-40","105","SOP","150","MIL","SPI/Dual/Quad","-","S","AG2","","-"
"W25Q-RV","W25Q40RVSNJM","4","Mb","133","84","2.7","3.6","-40","105","SOP","150","MIL","SPI/Dual/Quad","P","-","-","","-"
"W25Q-RV","W25Q40RVSNJMG","4","Mb","133","84","2.7","3.6","-40","105","SOP","150","MIL","SPI/Dual/Quad","P","-","-","","-"
"W25Q-RV","W25Q40RVSNJQ","4","Mb","133","-","2.7","3.6","-40","105","SOP","150","MIL","SPI/Dual/Quad","P","-","-","","-"
"W25Q-RV","W25Q40RVSNJQG","4","Mb","133","-","2.7","3.6","-40","105","SOP","150","MIL","SPI/Dual/Quad","P","-","-","","-"
"W25Q-RV","W25Q40RVSNSM","4","Mb","133","84","2.7","3.6","-40","125","SOP","150","MIL","SPI/Dual/Quad","-","S","AG1","","-"
"W25Q-RV","W25Q40RVSNSMG","4","Mb","133","84","2.7","3.6","-40","125","SOP","150","MIL","SPI/Dual/Quad","-","S","AG1","","-"
"W25Q-RV","W25Q40RVSNSQ","4","Mb","133","-","2.7","3.6","-40","125","SOP","150","MIL","SPI/Dual/Quad","-","S","AG1","","-"
"W25Q-RV","W25Q40RVSNSQG","4","Mb","133","-","2.7","3.6","-40","125","SOP","150","MIL","SPI/Dual/Quad","-","S","AG1","","-"
"W25Q-RV","W25Q40RVSSAM","4","Mb","133","84","2.7","3.6","-40","105","SOP","208","MIL","SPI/Dual/Quad","-","S","AG2","","-"
"W25Q-RV","W25Q40RVSSAMG","4","Mb","133","84","2.7","3.6","-40","105","SOP","208","MIL","SPI/Dual/Quad","-","S","AG2","","-"
"W25Q-RV","W25Q40RVSSAQ","4","Mb","133","-","2.7","3.6","-40","105","SOP","208","MIL","SPI/Dual/Quad","-","S","AG2","","-"
"W25Q-RV","W25Q40RVSSAQG","4","Mb","133","-","2.7","3.6","-40","105","SOP","208","MIL","SPI/Dual/Quad","-","S","AG2","","-"
"W25Q-RV","W25Q40RVSSJM","4","Mb","133","84","2.7","3.6","-40","105","SOP","208","MIL","SPI/Dual/Quad","P","-","-","","-"
"W25Q-RV","W25Q40RVSSJMG","4","Mb","133","84","2.7","3.6","-40","105","SOP","208","MIL","SPI/Dual/Quad","P","-","-","","-"
"W25Q-RV","W25Q40RVSSJQ","4","Mb","133","-","2.7","3.6","-40","105","SOP","208","MIL","SPI/Dual/Quad","P","-","-","","-"
"W25Q-RV","W25Q40RVSSJQG","4","Mb","133","-","2.7","3.6","-40","105","SOP","208","MIL","SPI/Dual/Quad","P","-","-","","-"
"W25Q-RV","W25Q40RVSSSM","4","Mb","133","84","2.7","3.6","-40","125","SOP","208","MIL","SPI/Dual/Quad","-","S","AG1","","-"
"W25Q-RV","W25Q40RVSSSMG","4","Mb","133","84","2.7","3.6","-40","125","SOP","208","MIL","SPI/Dual/Quad","-","S","AG1","","-"
"W25Q-RV","W25Q40RVSSSQ","4","Mb","133","-","2.7","3.6","-40","125","SOP","208","MIL","SPI/Dual/Quad","-","S","AG1","","-"
"W25Q-RV","W25Q40RVSSSQG","4","Mb","133","-","2.7","3.6","-40","125","SOP","208","MIL","SPI/Dual/Quad","-","S","AG1","","-"
"W25Q-RV","W25Q40RVXHAM","4","Mb","133","84","2.7","3.6","-40","105","XSON","2x3","MM^2","SPI/Dual/Quad","-","S","AG2","","-"
"W25Q-RV","W25Q40RVXHAMG","4","Mb","133","84","2.7","3.6","-40","105","XSON","2x3","MM^2","SPI/Dual/Quad","-","S","AG2","","-"
"W25Q-RV","W25Q40RVXHAQ","4","Mb","133","-","2.7","3.6","-40","125","XSON","2x3","MM^2","SPI/Dual/Quad","-","S","AG2","","-"
"W25Q-RV","W25Q40RVXHAQG","4","Mb","133","-","2.7","3.6","-40","125","XSON","2x3","MM^2","SPI/Dual/Quad","-","S","AG2","","-"
"W25Q-RV","W25Q40RVXHJM","4","Mb","133","84","2.7","3.6","-40","105","XSON","2x3","MM^2","SPI/Dual/Quad","P","-","-","","-"
"W25Q-RV","W25Q40RVXHJMG","4","Mb","133","84","2.7","3.6","-40","105","XSON","2x3","MM^2","SPI/Dual/Quad","P","-","-","","-"
"W25Q-RV","W25Q40RVXHJQ","4","Mb","133","-","2.7","3.6","-40","105","XSON","2x3","MM^2","SPI/Dual/Quad","P","-","-","","-"
"W25Q-RV","W25Q40RVXHJQG","4","Mb","133","-","2.7","3.6","-40","105","XSON","2x3","MM^2","SPI/Dual/Quad","P","-","-","","-"
"W25Q-RV","W25Q40RVXHSM","4","Mb","133","84","2.7","3.6","-40","125","XSON","2x3","MM^2","SPI/Dual/Quad","-","S","AG1","","-"
"W25Q-RV","W25Q40RVXHSMG","4","Mb","133","84","2.7","3.6","-40","125","XSON","2x3","MM^2","SPI/Dual/Quad","-","S","AG1","","-"
"W25Q-RV","W25Q40RVXHSQ","4","Mb","133","-","2.7","3.6","-40","125","XSON","2x3","MM^2","SPI/Dual/Quad","-","S","AG1","","-"
"W25Q-RV","W25Q40RVXHSQG","4","Mb","133","-","2.7","3.6","-40","125","XSON","2x3","MM^2","SPI/Dual/Quad","-","S","AG1","","-"
"W25Q-RV","W25Q40RVZPAM","4","Mb","133","84","2.7","3.6","-40","105","SON","5x6","MM^2","SPI/Dual/Quad","-","S","AG2","","-"
"W25Q-RV","W25Q40RVZPAMG","4","Mb","133","84","2.7","3.6","-40","105","SON","5x6","MM^2","SPI/Dual/Quad","-","S","AG2","","-"
"W25Q-RV","W25Q40RVZPAQ","4","Mb","133","-","2.7","3.6","-40","105","SON","5x6","MM^2","SPI/Dual/Quad","-","S","AG2","","-"
"W25Q-RV","W25Q40RVZPAQG","4","Mb","133","-","2.7","3.6","-40","105","SON","5x6","MM^2","SPI/Dual/Quad","-","S","AG2","","-"
"W25Q-RV","W25Q40RVZPJM","4","Mb","133","84","2.7","3.6","-40","105","SON","5x6","MM^2","SPI/Dual/Quad","P","-","-","","-"
"W25Q-RV","W25Q40RVZPJMG","4","Mb","133","84","2.7","3.6","-40","105","SON","5x6","MM^2","SPI/Dual/Quad","P","-","-","","-"
"W25Q-RV","W25Q40RVZPJQ","4","Mb","133","-","2.7","3.6","-40","105","SON","5x6","MM^2","SPI/Dual/Quad","P","-","-","","-"
"W25Q-RV","W25Q40RVZPJQG","4","Mb","133","-","2.7","3.6","-40","105","SON","5x6","MM^2","SPI/Dual/Quad","P","-","-","","-"
"W25Q-RV","W25Q40RVZPSM","4","Mb","133","84","2.7","3.6","-40","125","SON","5x6","MM^2","SPI/Dual/Quad","-","S","AG1","","-"
"W25Q-RV","W25Q40RVZPSMG","4","Mb","133","84","2.7","3.6","-40","125","SON","5x6","MM^2","SPI/Dual/Quad","-","S","AG1","","-"
"W25Q-RV","W25Q40RVZPSQ","4","Mb","133","-","2.7","3.6","-40","125","SON","5x6","MM^2","SPI/Dual/Quad","-","S","AG1","","-"
"W25Q-RV","W25Q40RVZPSQG","4","Mb","133","-","2.7","3.6","-40","125","SON","5x6","MM^2","SPI/Dual/Quad","-","S","AG1","","-"
"W25Q-JV","W25Q512JVBIM","512","Mb","133","66","2.7","3.6","-40","85","TFBGA (5x5)","6x8","MM^2","SPI/Dual/Quad","N","-","-","","-"
"W25Q-JV","W25Q512JVBIMG","512","Mb","133","66","2.7","3.6","-40","85","TFBGA (5x5)","6x8","MM^2","SPI/Dual/Quad","N","-","-","","-"
"W25Q-JV","W25Q512JVBIQ","512","Mb","133","-","2.7","3.6","-40","85","TFBGA (5x5)","6x8","MM^2","SPI/Dual/Quad","N","-","-","","-"
"W25Q-JV","W25Q512JVBIQG","512","Mb","133","-","2.7","3.6","-40","85","TFBGA (5x5)","6x8","MM^2","SPI/Dual/Quad","N","-","-","","-"
"W25Q-JV","W25Q512JVBJQ","512","Mb","133","-","2.7","3.6","-40","105","TFBGA (5x5)","6x8","MM^2","SPI/Dual/Quad","N","-","-","","-"
"W25Q-JV","W25Q512JVBJQG","512","Mb","133","-","2.7","3.6","-40","105","TFBGA (5x5)","6x8","MM^2","SPI/Dual/Quad","N","-","-","","-"
"W25Q-JV","W25Q512JVEIM","512","Mb","133","66","2.7","3.6","-40","85","SON","8x6","MM^2","SPI/Dual/Quad","N","-","-","","-"
"W25Q-JV","W25Q512JVEIMG","512","Mb","133","66","2.7","3.6","-40","85","SON","8x6","MM^2","SPI/Dual/Quad","N","-","-","","-"
"W25Q-JV","W25Q512JVEIN","512","Mb","133","-","2.7","3.6","-40","85","SON","8x6","MM^2","SPI/Dual/Quad","N","-","-","","DRV=75%"
"W25Q-JV","W25Q512JVEING","512","Mb","133","-","2.7","3.6","-40","85","SON","8x6","MM^2","SPI/Dual/Quad","N","-","-","","DRV=75%"
"W25Q-JV","W25Q512JVEIQ","512","Mb","133","-","2.7","3.6","-40","85","SON","8x6","MM^2","SPI/Dual/Quad","N","-","-","","-"
"W25Q-JV","W25Q512JVEIQG","512","Mb","133","-","2.7","3.6","-40","85","SON","8x6","MM^2","SPI/Dual/Quad","N","-","-","","-"
"W25Q-JV","W25Q512JVEJQ","512","Mb","133","-","2.7","3.6","-40","105","SON","8x6","MM^2","SPI/Dual/Quad","N","-","-","","-"
"W25Q-JV","W25Q512JVEJQG","512","Mb","133","-","2.7","3.6","-40","105","SON","8x6","MM^2","SPI/Dual/Quad","N","-","-","","-"
"W25Q-JV","W25Q512JVFIM","512","Mb","133","66","2.7","3.6","-40","85","SOP","300","MIL","SPI/Dual/Quad","N","-","-","","-"
"W25Q-JV","W25Q512JVFIMG","512","Mb","133","66","2.7","3.6","-40","85","SOP","300","MIL","SPI/Dual/Quad","N","-","-","","-"
"W25Q-JV","W25Q512JVFIN","512","Mb","133","-","2.7","3.6","-40","85","SOP","300","MIL","SPI/Dual/Quad","N","-","-","","DRV=75%"
"W25Q-JV","W25Q512JVFING","512","Mb","133","-","2.7","3.6","-40","85","SOP","300","MIL","SPI/Dual/Quad","N","-","-","","DRV=75%"
"W25Q-JV","W25Q512JVFIQ","512","Mb","133","-","2.7","3.6","-40","85","SOP","300","MIL","SPI/Dual/Quad","N","-","-","","-"
"W25Q-JV","W25Q512JVFIQG","512","Mb","133","-","2.7","3.6","-40","85","SOP","300","MIL","SPI/Dual/Quad","N","-","-","","-"
"W25Q-JV","W25Q512JVFJQ","512","Mb","133","-","2.7","3.6","-40","105","SOP","300","MIL","SPI/Dual/Quad","N","-","-","","-"
"W25Q-JV","W25Q512JVFJQG","512","Mb","133","-","2.7","3.6","-40","105","SOP","300","MIL","SPI/Dual/Quad","N","-","-","","-"
"W25Q-NW","W25Q512NWBIA","512","Mb","133","-","1.65","1.95","-40","85","TFBGA (5x5)","6x8","MM^2","SPI/Dual/Quad","P","-","-","","-"
"W25Q-NW","W25Q512NWBIAG","512","Mb","133","-","1.65","1.95","-40","85","TFBGA (5x5)","6x8","MM^2","SPI/Dual/Quad","P","-","-","","-"
"W25Q-NW","W25Q512NWBIM","512","Mb","133","84","1.65","1.95","-40","85","TFBGA (5x5)","6x8","MM^2","SPI/Dual/Quad","P","-","-","","-"
"W25Q-NW","W25Q512NWBIMG","512","Mb","133","84","1.65","1.95","-40","85","TFBGA (5x5)","6x8","MM^2","SPI/Dual/Quad","P","-","-","","-"
"W25Q-NW","W25Q512NWBIQ","512","Mb","133","-","1.65","1.95","-40","85","TFBGA (5x5)","6x8","MM^2","SPI/Dual/Quad","P","-","-","","-"
"W25Q-NW","W25Q512NWBIQG","512","Mb","133","-","1.65","1.95","-40","85","TFBGA (5x5)","6x8","MM^2","SPI/Dual/Quad","P","-","-","","-"
"W25Q-NW","W25Q512NWBIS","512","Mb","133","84","1.65","1.95","-40","85","TFBGA (5x5)","6x8","MM^2","SPI/Dual/Quad","P","-","-","","-"
"W25Q-NW","W25Q512NWBISG","512","Mb","133","84","1.65","1.95","-40","85","TFBGA (5x5)","6x8","MM^2","SPI/Dual/Quad","P","-","-","","-"
"W25Q-NW","W25Q512NWBJM","512","Mb","133","-","1.65","1.95","-40","105","TFBGA (5x5)","6x8","MM^2","SPI/Dual/Quad","P","-","-","","-"
"W25Q-NW","W25Q512NWBJMG","512","Mb","133","-","1.65","1.95","-40","105","TFBGA (5x5)","6x8","MM^2","SPI/Dual/Quad","P","-","-","","-"
"W25Q-NW","W25Q512NWBJQ","512","Mb","133","-","1.65","1.95","-40","105","TFBGA (5x5)","6x8","MM^2","SPI/Dual/Quad","P","-","-","","-"
"W25Q-NW","W25Q512NWBJQG","512","Mb","133","-","1.65","1.95","-40","105","TFBGA (5x5)","6x8","MM^2","SPI/Dual/Quad","P","-","-","","-"
"W25Q-NW","W25Q512NWEIM","512","Mb","133","84","1.65","1.95","-40","85","SON","8x6","MM^2","SPI/Dual/Quad","P","-","-","","-"
"W25Q-NW","W25Q512NWEIMG","512","Mb","133","84","1.65","1.95","-40","85","SON","8x6","MM^2","SPI/Dual/Quad","P","-","-","","-"
"W25Q-NW","W25Q512NWEIN","512","Mb","133","-","1.65","1.95","-40","85","SON","8x6","MM^2","SPI/Dual/Quad","P","-","-","","DRV=75%"
"W25Q-NW","W25Q512NWEING","512","Mb","133","-","1.65","1.95","-40","85","SON","8x6","MM^2","SPI/Dual/Quad","P","-","-","","DRV=75%"
"W25Q-NW","W25Q512NWEIQ","512","Mb","133","-","1.65","1.95","-40","85","SON","8x6","MM^2","SPI/Dual/Quad","P","-","-","","-"
"W25Q-NW","W25Q512NWEIQG","512","Mb","133","-","1.65","1.95","-40","85","SON","8x6","MM^2","SPI/Dual/Quad","P","-","-","","-"
"W25Q-NW","W25Q512NWEJM","512","Mb","133","-","1.65","1.95","-40","105","SON","8x6","MM^2","SPI/Dual/Quad","P","-","-","","-"
"W25Q-NW","W25Q512NWEJMG","512","Mb","133","-","1.65","1.95","-40","105","SON","8x6","MM^2","SPI/Dual/Quad","P","-","-","","-"
"W25Q-NW","W25Q512NWFIA","512","Mb","133","-","1.65","1.95","-40","85","SOP","300","MIL","SPI/Dual/Quad","P","-","-","","-"
"W25Q-NW","W25Q512NWFIAG","512","Mb","133","-","1.65","1.95","-40","85","SOP","300","MIL","SPI/Dual/Quad","P","-","-","","-"
"W25Q-NW","W25Q512NWFIM","512","Mb","133","84","1.65","1.95","-40","85","SOP","300","MIL","SPI/Dual/Quad","P","-","-","","-"
"W25Q-NW","W25Q512NWFIMG","512","Mb","133","84","1.65","1.95","-40","85","SOP","300","MIL","SPI/Dual/Quad","P","-","-","","-"
"W25Q-NW","W25Q512NWFIN","512","Mb","133","-","1.65","1.95","-40","85","SOP","300","MIL","SPI/Dual/Quad","P","-","-","","DRV=75%"
"W25Q-NW","W25Q512NWFING","512","Mb","133","-","1.65","1.95","-40","85","SOP","300","MIL","SPI/Dual/Quad","P","-","-","","DRV=75%"
"W25Q-NW","W25Q512NWFIQ","512","Mb","133","-","1.65","1.95","-40","85","SOP","300","MIL","SPI/Dual/Quad","P","-","-","","-"
"W25Q-NW","W25Q512NWFIQG","512","Mb","133","-","1.65","1.95","-40","85","SOP","300","MIL","SPI/Dual/Quad","P","-","-","","-"
"W25Q-NW","W25Q512NWFJM","512","Mb","133","-","1.65","1.95","-40","105","SOP","300","MIL","SPI/Dual/Quad","P","-","-","","-"
"W25Q-NW","W25Q512NWFJMG","512","Mb","133","-","1.65","1.95","-40","105","SOP","300","MIL","SPI/Dual/Quad","P","-","-","","-"
"W25Q-NW","W25Q512NWFJQ","512","Mb","133","-","1.65","1.95","-40","105","SOP","300","MIL","SPI/Dual/Quad","P","-","-","","-"
"W25Q-NW","W25Q512NWFJQG","512","Mb","133","-","1.65","1.95","-40","105","SOP","300","MIL","SPI/Dual/Quad","P","-","-","","-"
"W25Q-NW","W25Q512NWYIM","512","Mb","133","84","1.65","1.95","-40","85","WLCSP","","","SPI/Dual/Quad","P","-","-","","-"
"W25Q-NW","W25Q512NWYIMG","512","Mb","133","84","1.65","1.95","-40","85","WLCSP","","","SPI/Dual/Quad","P","-","-","","-"
"W25Q-NW","W25Q512NWYIQ","512","Mb","133","-","1.65","1.95","-40","85","WLCSP","","","SPI/Dual/Quad","P","-","-","","-"
"W25Q-NW","W25Q512NWYIQG","512","Mb","133","-","1.65","1.95","-40","85","WLCSP","","","SPI/Dual/Quad","P","-","-","","-"
"W25Q-RV","W25Q51RVCBJM","512","Mb","133","104","2.7","3.6","-40","105","TFBGA (5x5)","6x8","MM^2","SPI/Dual/Quad","P","-","-","1","-"
"W25Q-RV","W25Q51RVCBJMG","512","Mb","133","104","2.7","3.6","-40","105","TFBGA (5x5)","6x8","MM^2","SPI/Dual/Quad","P","-","-","1","-"
"W25Q-RV","W25Q51RVCBJQ","512","Mb","133","-","2.7","3.6","-40","105","TFBGA (5x5)","6x8","MM^2","SPI/Dual/Quad","P","-","-","1","-"
"W25Q-RV","W25Q51RVCBJQG","512","Mb","133","-","2.7","3.6","-40","105","TFBGA (5x5)","6x8","MM^2","SPI/Dual/Quad","P","-","-","1","-"
"W25Q-RV","W25Q51RVCEJM","512","Mb","133","104","2.7","3.6","-40","105","SON","8x6","MM^2","SPI/Dual/Quad","P","-","-","1","-"
"W25Q-RV","W25Q51RVCEJMG","512","Mb","133","104","2.7","3.6","-40","105","SON","8x6","MM^2","SPI/Dual/Quad","P","-","-","1","-"
"W25Q-RV","W25Q51RVCEJQ","512","Mb","133","-","2.7","3.6","-40","105","SON","8x6","MM^2","SPI/Dual/Quad","P","-","-","1","-"
"W25Q-RV","W25Q51RVCEJQG","512","Mb","133","-","2.7","3.6","-40","105","SON","8x6","MM^2","SPI/Dual/Quad","P","-","-","1","-"
"W25Q-RV","W25Q51RVCFJM","512","Mb","133","104","2.7","3.6","-40","105","SOP","300","MIL","SPI/Dual/Quad","P","-","-","1","-"
"W25Q-RV","W25Q51RVCFJMG","512","Mb","133","104","2.7","3.6","-40","105","SOP","300","MIL","SPI/Dual/Quad","P","-","-","1","-"
"W25Q-RV","W25Q51RVCFJQ","512","Mb","133","-","2.7","3.6","-40","105","SOP","300","MIL","SPI/Dual/Quad","P","-","-","1","-"
"W25Q-RV","W25Q51RVCFJQG","512","Mb","133","-","2.7","3.6","-40","105","SOP","300","MIL","SPI/Dual/Quad","P","-","-","1","-"
"W25Q-RW","W25Q51RWCBJM","512","Mb","166","133","1.65","1.95","-40","105","TFBGA (5x5)","6x8","MM^2","SPI/Dual/Quad","S","-","-","","-"
"W25Q-RW","W25Q51RWCBJMG","512","Mb","166","133","1.65","1.95","-40","105","TFBGA (5x5)","6x8","MM^2","SPI/Dual/Quad","S","-","-","","-"
"W25Q-RW","W25Q51RWCBJQ","512","Mb","166","-","1.65","1.95","-40","105","TFBGA (5x5)","6x8","MM^2","SPI/Dual/Quad","S","-","-","","-"
"W25Q-RW","W25Q51RWCBJQG","512","Mb","166","-","1.65","1.95","-40","105","TFBGA (5x5)","6x8","MM^2","SPI/Dual/Quad","S","-","-","","-"
"W25Q-RW","W25Q51RWCBJV","512","Mb","166","-","1.65","1.95","-40","105","TFBGA (5x5)","6x8","MM^2","SPI/Dual/Quad","S","-","-","","-"
"W25Q-RW","W25Q51RWCBJVG","512","Mb","166","-","1.65","1.95","-40","105","TFBGA (5x5)","6x8","MM^2","SPI/Dual/Quad","S","-","-","","-"
"W25Q-RW","W25Q51RWCEJM","512","Mb","166","133","1.65","1.95","-40","105","SON","8x6","MM^2","SPI/Dual/Quad","S","-","-","","-"
"W25Q-RW","W25Q51RWCEJMG","512","Mb","166","133","1.65","1.95","-40","105","SON","8x6","MM^2","SPI/Dual/Quad","S","-","-","","-"
"W25Q-RW","W25Q51RWCEJN","512","Mb","166","-","1.65","1.95","-40","105","SON","8x6","MM^2","SPI/Dual/Quad","S","-","-","","-"
"W25Q-RW","W25Q51RWCEJNG","512","Mb","166","-","1.65","1.95","-40","105","SON","8x6","MM^2","SPI/Dual/Quad","S","-","-","","-"
"W25Q-RW","W25Q51RWCEJQ","512","Mb","166","-","1.65","1.95","-40","105","SON","8x6","MM^2","SPI/Dual/Quad","S","-","-","","-"
"W25Q-RW","W25Q51RWCEJQG","512","Mb","166","-","1.65","1.95","-40","105","SON","8x6","MM^2","SPI/Dual/Quad","S","-","-","","-"
"W25Q-RW","W25Q51RWCFJM","512","Mb","166","133","1.65","1.95","-40","105","SOP","300","MIL","SPI/Dual/Quad","S","-","-","","-"
"W25Q-RW","W25Q51RWCFJMG","512","Mb","166","133","1.65","1.95","-40","105","SOP","300","MIL","SPI/Dual/Quad","S","-","-","","-"
"W25Q-RW","W25Q51RWCFJN","512","Mb","166","-","1.65","1.95","-40","105","SOP","300","MIL","SPI/Dual/Quad","S","-","-","","-"
"W25Q-RW","W25Q51RWCFJNG","512","Mb","166","-","1.65","1.95","-40","105","SOP","300","MIL","SPI/Dual/Quad","S","-","-","","-"
"W25Q-RW","W25Q51RWCFJQ","512","Mb","166","-","1.65","1.95","-40","105","SOP","300","MIL","SPI/Dual/Quad","S","-","-","","-"
"W25Q-RW","W25Q51RWCFJQG","512","Mb","166","-","1.65","1.95","-40","105","SOP","300","MIL","SPI/Dual/Quad","S","-","-","","-"
"W25Q-JV","W25Q64JVBYIQ","64","Mb","133","-","2.7","3.6","-40","85","WLCSP","","","SPI/Dual/Quad","N","-","-","","-"
"W25Q-JV","W25Q64JVBYIQG","64","Mb","133","-","2.7","3.6","-40","85","WLCSP","","","SPI/Dual/Quad","N","-","-","","-"
"W25Q-JV","W25Q64JVSFAM","64","Mb","133","66","2.7","3.6","-40","105","SOP","300","MIL","SPI/Dual/Quad","-","P","AG2","","-"
"W25Q-JV","W25Q64JVSFAMG","64","Mb","133","66","2.7","3.6","-40","105","SOP","300","MIL","SPI/Dual/Quad","-","P","AG2","","-"
"W25Q-JV","W25Q64JVSFAQ","64","Mb","133","-","2.7","3.6","-40","105","SOP","300","MIL","SPI/Dual/Quad","-","P","AG2","","-"
"W25Q-JV","W25Q64JVSFAQG","64","Mb","133","-","2.7","3.6","-40","105","SOP","300","MIL","SPI/Dual/Quad","-","P","AG2","","-"
"W25Q-JV","W25Q64JVSFIM","64","Mb","133","66","2.7","3.6","-40","85","SOP","300","MIL","SPI/Dual/Quad","N","-","-","","-"
"W25Q-JV","W25Q64JVSFIMG","64","Mb","133","66","2.7","3.6","-40","85","SOP","300","MIL","SPI/Dual/Quad","N","-","-","","-"
"W25Q-JV","W25Q64JVSFIQ","64","Mb","133","-","2.7","3.6","-40","85","SOP","300","MIL","SPI/Dual/Quad","N","-","-","","-"
"W25Q-JV","W25Q64JVSFIQG","64","Mb","133","-","2.7","3.6","-40","85","SOP","300","MIL","SPI/Dual/Quad","N","-","-","","-"
"W25Q-JV","W25Q64JVSFJM","64","Mb","133","66","2.7","3.6","-40","105","SOP","300","MIL","SPI/Dual/Quad","N","-","-","","-"
"W25Q-JV","W25Q64JVSFJMG","64","Mb","133","66","2.7","3.6","-40","105","SOP","300","MIL","SPI/Dual/Quad","N","-","-","","-"
"W25Q-JV","W25Q64JVSFJQ","64","Mb","133","-","2.7","3.6","-40","105","SOP","300","MIL","SPI/Dual/Quad","N","-","-","","-"
"W25Q-JV","W25Q64JVSFJQG","64","Mb","133","-","2.7","3.6","-40","105","SOP","300","MIL","SPI/Dual/Quad","N","-","-","","-"
"W25Q-JV","W25Q64JVSFSM","64","Mb","133","66","2.7","3.6","-40","125","SOP","300","MIL","SPI/Dual/Quad","-","P","AG1","","-"
"W25Q-JV","W25Q64JVSFSMG","64","Mb","133","66","2.7","3.6","-40","125","SOP","300","MIL","SPI/Dual/Quad","-","P","AG1","","-"
"W25Q-JV","W25Q64JVSFSQ","64","Mb","133","-","2.7","3.6","-40","125","SOP","300","MIL","SPI/Dual/Quad","-","P","AG1","","-"
"W25Q-JV","W25Q64JVSFSQG","64","Mb","133","-","2.7","3.6","-40","125","SOP","300","MIL","SPI/Dual/Quad","-","P","AG1","","-"
"W25Q-JV","W25Q64JVSSAM","64","Mb","133","66","2.7","3.6","-40","105","SOP","208","MIL","SPI/Dual/Quad","-","P","AG2","","-"
"W25Q-JV","W25Q64JVSSAMG","64","Mb","133","66","2.7","3.6","-40","105","SOP","208","MIL","SPI/Dual/Quad","-","P","AG2","","-"
"W25Q-JV","W25Q64JVSSAQ","64","Mb","133","-","2.7","3.6","-40","105","SOP","208","MIL","SPI/Dual/Quad","-","P","AG2","","-"
"W25Q-JV","W25Q64JVSSAQG","64","Mb","133","-","2.7","3.6","-40","105","SOP","208","MIL","SPI/Dual/Quad","-","P","AG2","","-"
"W25Q-JV","W25Q64JVSSIM","64","Mb","133","66","2.7","3.6","-40","85","SOP","208","MIL","SPI/Dual/Quad","N","-","-","","-"
"W25Q-JV","W25Q64JVSSIMG","64","Mb","133","66","2.7","3.6","-40","85","SOP","208","MIL","SPI/Dual/Quad","N","-","-","","-"
"W25Q-JV","W25Q64JVSSIQ","64","Mb","133","-","2.7","3.6","-40","85","SOP","208","MIL","SPI/Dual/Quad","N","-","-","","-"
"W25Q-JV","W25Q64JVSSIQG","64","Mb","133","-","2.7","3.6","-40","85","SOP","208","MIL","SPI/Dual/Quad","N","-","-","","-"
"W25Q-JV","W25Q64JVSSJM","64","Mb","133","66","2.7","3.6","-40","105","SOP","208","MIL","SPI/Dual/Quad","N","-","-","","-"
"W25Q-JV","W25Q64JVSSJMG","64","Mb","133","66","2.7","3.6","-40","105","SOP","208","MIL","SPI/Dual/Quad","N","-","-","","-"
"W25Q-JV","W25Q64JVSSJQ","64","Mb","133","-","2.7","3.6","-40","105","SOP","208","MIL","SPI/Dual/Quad","N","-","-","","-"
"W25Q-JV","W25Q64JVSSJQG","64","Mb","133","-","2.7","3.6","-40","105","SOP","208","MIL","SPI/Dual/Quad","N","-","-","","-"
"W25Q-JV","W25Q64JVSSSM","64","Mb","133","66","2.7","3.6","-40","125","SOP","208","MIL","SPI/Dual/Quad","-","P","AG1","","-"
"W25Q-JV","W25Q64JVSSSMG","64","Mb","133","66","2.7","3.6","-40","125","SOP","208","MIL","SPI/Dual/Quad","-","P","AG1","","-"
"W25Q-JV","W25Q64JVSSSQ","64","Mb","133","-","2.7","3.6","-40","125","SOP","208","MIL","SPI/Dual/Quad","-","P","AG1","","-"
"W25Q-JV","W25Q64JVSSSQG","64","Mb","133","-","2.7","3.6","-40","125","SOP","208","MIL","SPI/Dual/Quad","-","P","AG1","","-"
"W25Q-JV","W25Q64JVTBAQ","64","Mb","133","-","2.7","3.6","-40","105","TFBGA (5x5)","6x8","MM^2","SPI/Dual/Quad","-","P","AG2","","-"
"W25Q-JV","W25Q64JVTBAQG","64","Mb","133","-","2.7","3.6","-40","105","TFBGA (5x5)","6x8","MM^2","SPI/Dual/Quad","-","P","AG2","","-"
"W25Q-JV","W25Q64JVTBIM","64","Mb","133","66","2.7","3.6","-40","85","TFBGA (5x5)","6x8","MM^2","SPI/Dual/Quad","N","-","-","","-"
"W25Q-JV","W25Q64JVTBIMG","64","Mb","133","66","2.7","3.6","-40","85","TFBGA (5x5)","6x8","MM^2","SPI/Dual/Quad","N","-","-","","-"
"W25Q-JV","W25Q64JVTBIQ","64","Mb","133","-","2.7","3.6","-40","85","TFBGA (5x5)","6x8","MM^2","SPI/Dual/Quad","N","-","-","","-"
"W25Q-JV","W25Q64JVTBIQG","64","Mb","133","-","2.7","3.6","-40","85","TFBGA (5x5)","6x8","MM^2","SPI/Dual/Quad","N","-","-","","-"
"W25Q-JV","W25Q64JVTBSQ","64","Mb","133","-","2.7","3.6","-40","125","TFBGA (5x5)","6x8","MM^2","SPI/Dual/Quad","-","P","AG1","","-"
"W25Q-JV","W25Q64JVTBSQG","64","Mb","133","-","2.7","3.6","-40","125","TFBGA (5x5)","6x8","MM^2","SPI/Dual/Quad","-","P","AG1","","-"
"W25Q-JV","W25Q64JVTCAQ","64","Mb","133","-","2.7","3.6","-40","105","TFBGA (5x5)","6x8","MM^2","SPI/Dual/Quad","-","P","AG2","","-"
"W25Q-JV","W25Q64JVTCAQG","64","Mb","133","-","2.7","3.6","-40","105","TFBGA (5x5)","6x8","MM^2","SPI/Dual/Quad","-","P","AG2","","-"
"W25Q-JV","W25Q64JVTCIQ","64","Mb","133","-","2.7","3.6","-40","85","TFBGA (4x6)","6x8","MM^2","SPI/Dual/Quad","N","-","-","","-"
"W25Q-JV","W25Q64JVTCIQG","64","Mb","133","-","2.7","3.6","-40","85","TFBGA (4x6)","6x8","MM^2","SPI/Dual/Quad","N","-","-","","-"
"W25Q-JV","W25Q64JVTCJQ","64","Mb","133","-","2.7","3.6","-40","105","TFBGA (4x6)","6x8","MM^2","SPI/Dual/Quad","N","-","-","","-"
"W25Q-JV","W25Q64JVTCJQG","64","Mb","133","-","2.7","3.6","-40","105","TFBGA (4x6)","6x8","MM^2","SPI/Dual/Quad","N","-","-","","-"
"W25Q-JV","W25Q64JVTCSQ","64","Mb","133","-","2.7","3.6","-40","125","TFBGA (5x5)","6x8","MM^2","SPI/Dual/Quad","-","P","AG1","","-"
"W25Q-JV","W25Q64JVTCSQG","64","Mb","133","-","2.7","3.6","-40","125","TFBGA (5x5)","6x8","MM^2","SPI/Dual/Quad","-","P","AG1","","-"
"W25Q-JV","W25Q64JVXGAM","64","Mb","133","66","2.7","3.6","-40","105","XSON","4x4","MM^2","SPI/Dual/Quad","-","P","AG2","","-"
"W25Q-JV","W25Q64JVXGAMG","64","Mb","133","66","2.7","3.6","-40","105","XSON","4x4","MM^2","SPI/Dual/Quad","-","P","AG2","","-"
"W25Q-JV","W25Q64JVXGAQ","64","Mb","133","-","2.7","3.6","-40","105","XSON","4x4","MM^2","SPI/Dual/Quad","-","P","AG2","","-"
"W25Q-JV","W25Q64JVXGAQG","64","Mb","133","-","2.7","3.6","-40","105","XSON","4x4","MM^2","SPI/Dual/Quad","-","P","AG2","","-"
"W25Q-JV","W25Q64JVXGIM","64","Mb","133","66","2.7","3.6","-40","85","XSON","4x4","MM^2","SPI/Dual/Quad","N","-","-","","-"
"W25Q-JV","W25Q64JVXGIMG","64","Mb","133","66","2.7","3.6","-40","85","XSON","4x4","MM^2","SPI/Dual/Quad","N","-","-","","-"
"W25Q-JV","W25Q64JVXGIQ","64","Mb","133","-","2.7","3.6","-40","85","XSON","4x4","MM^2","SPI/Dual/Quad","N","-","-","","-"
"W25Q-JV","W25Q64JVXGIQG","64","Mb","133","-","2.7","3.6","-40","85","XSON","4x4","MM^2","SPI/Dual/Quad","N","-","-","","-"
"W25Q-JV","W25Q64JVXGJM","64","Mb","133","66","2.7","3.6","-40","105","XSON","4x4","MM^2","SPI/Dual/Quad","N","-","-","","-"
"W25Q-JV","W25Q64JVXGJMG","64","Mb","133","66","2.7","3.6","-40","105","XSON","4x4","MM^2","SPI/Dual/Quad","N","-","-","","-"
"W25Q-JV","W25Q64JVXGJQ","64","Mb","133","-","2.7","3.6","-40","105","XSON","4x4","MM^2","SPI/Dual/Quad","N","-","-","","-"
"W25Q-JV","W25Q64JVXGJQG","64","Mb","133","-","2.7","3.6","-40","105","XSON","4x4","MM^2","SPI/Dual/Quad","N","-","-","","-"
"W25Q-JV","W25Q64JVXGSM","64","Mb","133","66","2.7","3.6","-40","125","XSON","4x4","MM^2","SPI/Dual/Quad","-","P","AG1","","-"
"W25Q-JV","W25Q64JVXGSMG","64","Mb","133","66","2.7","3.6","-40","125","XSON","4x4","MM^2","SPI/Dual/Quad","-","P","AG1","","-"
"W25Q-JV","W25Q64JVXGSQ","64","Mb","133","-","2.7","3.6","-40","125","XSON","4x4","MM^2","SPI/Dual/Quad","-","P","AG1","","-"
"W25Q-JV","W25Q64JVXGSQG","64","Mb","133","-","2.7","3.6","-40","125","XSON","4x4","MM^2","SPI/Dual/Quad","-","P","AG1","","-"
"W25Q-JV","W25Q64JVZEAM","64","Mb","133","66","2.7","3.6","-40","105","SON","8x6","MM^2","SPI/Dual/Quad","-","P","AG2","","-"
"W25Q-JV","W25Q64JVZEAMG","64","Mb","133","66","2.7","3.6","-40","105","SON","8x6","MM^2","SPI/Dual/Quad","-","P","AG2","","-"
"W25Q-JV","W25Q64JVZEAQ","64","Mb","133","-","2.7","3.6","-40","105","SON","8x6","MM^2","SPI/Dual/Quad","-","P","AG2","","-"
"W25Q-JV","W25Q64JVZEAQG","64","Mb","133","-","2.7","3.6","-40","105","SON","8x6","MM^2","SPI/Dual/Quad","-","P","AG2","","-"
"W25Q-JV","W25Q64JVZEIM","64","Mb","133","66","2.7","3.6","-40","85","SON","8x6","MM^2","SPI/Dual/Quad","N","-","-","","-"
"W25Q-JV","W25Q64JVZEIMG","64","Mb","133","66","2.7","3.6","-40","85","SON","8x6","MM^2","SPI/Dual/Quad","N","-","-","","-"
"W25Q-JV","W25Q64JVZEIQ","64","Mb","133","-","2.7","3.6","-40","85","SON","8x6","MM^2","SPI/Dual/Quad","N","-","-","","-"
"W25Q-JV","W25Q64JVZEIQG","64","Mb","133","-","2.7","3.6","-40","85","SON","8x6","MM^2","SPI/Dual/Quad","N","-","-","","-"
"W25Q-JV","W25Q64JVZEJM","64","Mb","133","66","2.7","3.6","-40","105","SON","8x6","MM^2","SPI/Dual/Quad","N","-","-","","-"
"W25Q-JV","W25Q64JVZEJMG","64","Mb","133","66","2.7","3.6","-40","105","SON","8x6","MM^2","SPI/Dual/Quad","N","-","-","","-"
"W25Q-JV","W25Q64JVZEJQ","64","Mb","133","-","2.7","3.6","-40","105","SON","8x6","MM^2","SPI/Dual/Quad","N","-","-","","-"
"W25Q-JV","W25Q64JVZEJQG","64","Mb","133","-","2.7","3.6","-40","105","SON","8x6","MM^2","SPI/Dual/Quad","N","-","-","","-"
"W25Q-JV","W25Q64JVZESM","64","Mb","133","66","2.7","3.6","-40","125","SON","8x6","MM^2","SPI/Dual/Quad","-","P","AG1","","-"
"W25Q-JV","W25Q64JVZESMG","64","Mb","133","66","2.7","3.6","-40","125","SON","8x6","MM^2","SPI/Dual/Quad","-","P","AG1","","-"
"W25Q-JV","W25Q64JVZESQ","64","Mb","133","-","2.7","3.6","-40","125","SON","8x6","MM^2","SPI/Dual/Quad","-","P","AG1","","-"
"W25Q-JV","W25Q64JVZESQG","64","Mb","133","-","2.7","3.6","-40","125","SON","8x6","MM^2","SPI/Dual/Quad","-","P","AG1","","-"
"W25Q-JV","W25Q64JVZPAM","64","Mb","133","66","2.7","3.6","-40","105","SON","5x6","MM^2","SPI/Dual/Quad","-","P","AG2","","-"
"W25Q-JV","W25Q64JVZPAMG","64","Mb","133","66","2.7","3.6","-40","105","SON","5x6","MM^2","SPI/Dual/Quad","-","P","AG2","","-"
"W25Q-JV","W25Q64JVZPAQ","64","Mb","133","-","2.7","3.6","-40","105","SON","5x6","MM^2","SPI/Dual/Quad","-","P","AG2","","-"
"W25Q-JV","W25Q64JVZPAQG","64","Mb","133","-","2.7","3.6","-40","105","SON","5x6","MM^2","SPI/Dual/Quad","-","P","AG2","","-"
"W25Q-JV","W25Q64JVZPIM","64","Mb","133","66","2.7","3.6","-40","85","SON","5x6","MM^2","SPI/Dual/Quad","N","-","-","","-"
"W25Q-JV","W25Q64JVZPIMG","64","Mb","133","66","2.7","3.6","-40","85","SON","5x6","MM^2","SPI/Dual/Quad","N","-","-","","-"
"W25Q-JV","W25Q64JVZPIQ","64","Mb","133","-","2.7","3.6","-40","85","SON","5x6","MM^2","SPI/Dual/Quad","N","-","-","","-"
"W25Q-JV","W25Q64JVZPIQG","64","Mb","133","-","2.7","3.6","-40","85","SON","5x6","MM^2","SPI/Dual/Quad","N","-","-","","-"
"W25Q-JV","W25Q64JVZPJM","64","Mb","133","66","2.7","3.6","-40","105","SON","5x6","MM^2","SPI/Dual/Quad","N","-","-","","-"
"W25Q-JV","W25Q64JVZPJMG","64","Mb","133","66","2.7","3.6","-40","105","SON","5x6","MM^2","SPI/Dual/Quad","N","-","-","","-"
"W25Q-JV","W25Q64JVZPJQ","64","Mb","133","-","2.7","3.6","-40","105","SON","5x6","MM^2","SPI/Dual/Quad","N","-","-","","-"
"W25Q-JV","W25Q64JVZPJQG","64","Mb","133","-","2.7","3.6","-40","105","SON","5x6","MM^2","SPI/Dual/Quad","N","-","-","","-"
"W25Q-JV","W25Q64JVZPSM","64","Mb","133","66","2.7","3.6","-40","125","SON","5x6","MM^2","SPI/Dual/Quad","-","P","AG1","","-"
"W25Q-JV","W25Q64JVZPSMG","64","Mb","133","66","2.7","3.6","-40","125","SON","5x6","MM^2","SPI/Dual/Quad","-","P","AG1","","-"
"W25Q-JV","W25Q64JVZPSQ","64","Mb","133","-","2.7","3.6","-40","125","SON","5x6","MM^2","SPI/Dual/Quad","-","P","AG1","","-"
"W25Q-JV","W25Q64JVZPSQG","64","Mb","133","-","2.7","3.6","-40","125","SON","5x6","MM^2","SPI/Dual/Quad","-","P","AG1","","-"
"W25Q-JW","W25Q64JWBYIM","64","Mb","133","66","1.7","1.95","-40","85","WLCSP","","","SPI/Dual/Quad","P","-","-","","-"
"W25Q-JW","W25Q64JWBYIMG","64","Mb","133","66","1.7","1.95","-40","85","WLCSP","","","SPI/Dual/Quad","P","-","-","","-"
"W25Q-JW","W25Q64JWBYIQ","64","Mb","133","-","1.7","1.95","-40","85","WLCSP","","","SPI/Dual/Quad","P","-","-","","-"
"W25Q-JW","W25Q64JWBYIQG","64","Mb","133","-","1.7","1.95","-40","85","WLCSP","","","SPI/Dual/Quad","P","-","-","","-"
"W25Q-JW","W25Q64JWBYJQ","64","Mb","133","-","1.7","1.95","-40","105","WLCSP","","","SPI/Dual/Quad","P","-","-","","-"
"W25Q-JW","W25Q64JWBYJQG","64","Mb","133","-","1.7","1.95","-40","105","WLCSP","","","SPI/Dual/Quad","P","-","-","","-"
"W25Q-JW","W25Q64JWSSAM","64","Mb","104","66","1.7","1.95","-40","105","SOP","208","MIL","SPI/Dual/Quad","-","P","AG2","","-"
"W25Q-JW","W25Q64JWSSAMG","64","Mb","104","66","1.7","1.95","-40","105","SOP","208","MIL","SPI/Dual/Quad","-","P","AG2","","-"
"W25Q-JW","W25Q64JWSSAQ","64","Mb","104","-","1.7","1.95","-40","105","SOP","208","MIL","SPI/Dual/Quad","-","P","AG2","","-"
"W25Q-JW","W25Q64JWSSAQG","64","Mb","104","-","1.7","1.95","-40","105","SOP","208","MIL","SPI/Dual/Quad","-","P","AG2","","-"
"W25Q-JW","W25Q64JWSSIM","64","Mb","133","66","1.7","1.95","-40","85","SOP","208","MIL","SPI/Dual/Quad","P","-","-","","-"
"W25Q-JW","W25Q64JWSSIMG","64","Mb","133","66","1.7","1.95","-40","85","SOP","208","MIL","SPI/Dual/Quad","P","-","-","","-"
"W25Q-JW","W25Q64JWSSIN","64","Mb","133","-","1.7","1.95","-40","85","SOP","208","MIL","SPI/Dual/Quad","P","-","-","","DRV=75%"
"W25Q-JW","W25Q64JWSSING","64","Mb","133","-","1.7","1.95","-40","85","SOP","208","MIL","SPI/Dual/Quad","P","-","-","","DRV=75%"
"W25Q-JW","W25Q64JWSSIQ","64","Mb","133","-","1.7","1.95","-40","85","SOP","208","MIL","SPI/Dual/Quad","P","-","-","","-"
"W25Q-JW","W25Q64JWSSIQG","64","Mb","133","-","1.7","1.95","-40","85","SOP","208","MIL","SPI/Dual/Quad","P","-","-","","-"
"W25Q-JW","W25Q64JWSSJQ","64","Mb","133","-","1.7","1.95","-40","105","SOP","208","MIL","SPI/Dual/Quad","P","-","-","","-"
"W25Q-JW","W25Q64JWSSJQG","64","Mb","133","-","1.7","1.95","-40","105","SOP","208","MIL","SPI/Dual/Quad","P","-","-","","-"
"W25Q-JW","W25Q64JWSSSM","64","Mb","104","66","1.7","1.95","-40","125","SOP","208","MIL","SPI/Dual/Quad","-","P","AG1","","-"
"W25Q-JW","W25Q64JWSSSMG","64","Mb","104","66","1.7","1.95","-40","125","SOP","208","MIL","SPI/Dual/Quad","-","P","AG1","","-"
"W25Q-JW","W25Q64JWSSSQ","64","Mb","104","-","1.7","1.95","-40","125","SOP","208","MIL","SPI/Dual/Quad","-","P","AG1","","-"
"W25Q-JW","W25Q64JWSSSQG","64","Mb","104","-","1.7","1.95","-40","125","SOP","208","MIL","SPI/Dual/Quad","-","P","AG1","","-"
"W25Q-JW","W25Q64JWTBAM","64","Mb","104","66","1.7","1.95","-40","105","TFBGA (5x5)","6x8","MM^2","SPI/Dual/Quad","-","P","AG2","","-"
"W25Q-JW","W25Q64JWTBAMG","64","Mb","104","66","1.7","1.95","-40","105","TFBGA (5x5)","6x8","MM^2","SPI/Dual/Quad","-","P","AG2","","-"
"W25Q-JW","W25Q64JWTBAQ","64","Mb","104","-","1.7","1.95","-40","105","TFBGA (5x5)","6x8","MM^2","SPI/Dual/Quad","-","P","AG2","","-"
"W25Q-JW","W25Q64JWTBAQG","64","Mb","104","-","1.7","1.95","-40","105","TFBGA (5x5)","6x8","MM^2","SPI/Dual/Quad","-","P","AG2","","-"
"W25Q-JW","W25Q64JWTBIM","64","Mb","133","66","1.7","1.95","-40","85","TFBGA (5x5)","6x8","MM^2","SPI/Dual/Quad","P","-","-","","-"
"W25Q-JW","W25Q64JWTBIMG","64","Mb","133","66","1.7","1.95","-40","85","TFBGA (5x5)","6x8","MM^2","SPI/Dual/Quad","P","-","-","","-"
"W25Q-JW","W25Q64JWTBIQ","64","Mb","133","-","1.7","1.95","-40","85","TFBGA (5x5)","6x8","MM^2","SPI/Dual/Quad","P","-","-","","-"
"W25Q-JW","W25Q64JWTBIQG","64","Mb","133","-","1.7","1.95","-40","85","TFBGA (5x5)","6x8","MM^2","SPI/Dual/Quad","P","-","-","","-"
"W25Q-JW","W25Q64JWTBJQ","64","Mb","133","-","1.7","1.95","-40","105","TFBGA (5x5)","6x8","MM^2","SPI/Dual/Quad","P","-","-","","-"
"W25Q-JW","W25Q64JWTBJQG","64","Mb","133","-","1.7","1.95","-40","105","TFBGA (5x5)","6x8","MM^2","SPI/Dual/Quad","P","-","-","","-"
"W25Q-JW","W25Q64JWTBSM","64","Mb","104","66","1.7","1.95","-40","125","TFBGA (5x5)","6x8","MM^2","SPI/Dual/Quad","-","P","AG1","","-"
"W25Q-JW","W25Q64JWTBSMG","64","Mb","104","66","1.7","1.95","-40","125","TFBGA (5x5)","6x8","MM^2","SPI/Dual/Quad","-","P","AG1","","-"
"W25Q-JW","W25Q64JWTBSQ","64","Mb","104","-","1.7","1.95","-40","125","TFBGA (5x5)","6x8","MM^2","SPI/Dual/Quad","-","P","AG1","","-"
"W25Q-JW","W25Q64JWTBSQG","64","Mb","104","-","1.7","1.95","-40","125","TFBGA (5x5)","6x8","MM^2","SPI/Dual/Quad","-","P","AG1","","-"
"W25Q-JW","W25Q64JWUUAQ","64","Mb","104","-","1.7","1.95","-40","105","USON","4x3","MM^2","SPI/Dual/Quad","-","P","AG2","","-"
"W25Q-JW","W25Q64JWUUAQG","64","Mb","104","-","1.7","1.95","-40","105","USON","4x3","MM^2","SPI/Dual/Quad","-","P","AG2","","-"
"W25Q-JW","W25Q64JWUUIM","64","Mb","133","66","1.7","1.95","-40","85","USON","4x3","MM^2","SPI/Dual/Quad","P","-","-","","-"
"W25Q-JW","W25Q64JWUUIMG","64","Mb","133","66","1.7","1.95","-40","85","USON","4x3","MM^2","SPI/Dual/Quad","P","-","-","","-"
"W25Q-JW","W25Q64JWUUIQ","64","Mb","133","-","1.7","1.95","-40","85","USON","4x3","MM^2","SPI/Dual/Quad","P","-","-","","-"
"W25Q-JW","W25Q64JWUUIQG","64","Mb","133","-","1.7","1.95","-40","85","USON","4x3","MM^2","SPI/Dual/Quad","P","-","-","","-"
"W25Q-JW","W25Q64JWUUJQ","64","Mb","133","-","1.7","1.95","-40","105","USON","4x3","MM^2","SPI/Dual/Quad","P","-","-","","-"
"W25Q-JW","W25Q64JWUUJQG","64","Mb","133","-","1.7","1.95","-40","105","USON","4x3","MM^2","SPI/Dual/Quad","P","-","-","","-"
"W25Q-JW","W25Q64JWUUSM","64","Mb","104","66","1.7","1.95","-40","125","USON","4x3","MM^2","SPI/Dual/Quad","-","P","AG1","","-"
"W25Q-JW","W25Q64JWUUSMG","64","Mb","104","66","1.7","1.95","-40","125","USON","4x3","MM^2","SPI/Dual/Quad","-","P","AG1","","-"
"W25Q-JW","W25Q64JWUUSQ","64","Mb","104","-","1.7","1.95","-40","125","USON","4x3","MM^2","SPI/Dual/Quad","-","P","AG1","","-"
"W25Q-JW","W25Q64JWUUSQG","64","Mb","104","-","1.7","1.95","-40","125","USON","4x3","MM^2","SPI/Dual/Quad","-","P","AG1","","-"
"W25Q-JW","W25Q64JWXGAQ","64","Mb","104","-","1.7","1.95","-40","105","XSON","4x4","MM^2","SPI/Dual/Quad","-","P","AG2","","-"
"W25Q-JW","W25Q64JWXGAQG","64","Mb","104","-","1.7","1.95","-40","105","XSON","4x4","MM^2","SPI/Dual/Quad","-","P","AG2","","-"
"W25Q-JW","W25Q64JWXGIM","64","Mb","133","66","1.7","1.95","-40","85","XSON","4x4","MM^2","SPI/Dual/Quad","P","-","-","","-"
"W25Q-JW","W25Q64JWXGIMG","64","Mb","133","66","1.7","1.95","-40","85","XSON","4x4","MM^2","SPI/Dual/Quad","P","-","-","","-"
"W25Q-JW","W25Q64JWXGIQ","64","Mb","133","-","1.7","1.95","-40","85","XSON","4x4","MM^2","SPI/Dual/Quad","P","-","-","","-"
"W25Q-JW","W25Q64JWXGIQG","64","Mb","133","-","1.7","1.95","-40","85","XSON","4x4","MM^2","SPI/Dual/Quad","P","-","-","","-"
"W25Q-JW","W25Q64JWXGJQ","64","Mb","133","-","1.7","1.95","-40","105","XSON","4x4","MM^2","SPI/Dual/Quad","P","-","-","","-"
"W25Q-JW","W25Q64JWXGJQG","64","Mb","133","-","1.7","1.95","-40","105","XSON","4x4","MM^2","SPI/Dual/Quad","P","-","-","","-"
"W25Q-JW","W25Q64JWXGSM","64","Mb","104","66","1.7","1.95","-40","125","XSON","4x4","MM^2","SPI/Dual/Quad","-","P","AG1","","-"
"W25Q-JW","W25Q64JWXGSMG","64","Mb","104","66","1.7","1.95","-40","125","XSON","4x4","MM^2","SPI/Dual/Quad","-","P","AG1","","-"
"W25Q-JW","W25Q64JWZEIM","64","Mb","133","66","1.7","1.95","-40","85","SON","8x6","MM^2","SPI/Dual/Quad","P","-","-","","-"
"W25Q-JW","W25Q64JWZEIMG","64","Mb","133","66","1.7","1.95","-40","85","SON","8x6","MM^2","SPI/Dual/Quad","P","-","-","","-"
"W25Q-JW","W25Q64JWZEIQ","64","Mb","133","-","1.7","1.95","-40","85","SON","8x6","MM^2","SPI/Dual/Quad","P","-","-","","-"
"W25Q-JW","W25Q64JWZEIQG","64","Mb","133","-","1.7","1.95","-40","85","SON","8x6","MM^2","SPI/Dual/Quad","P","-","-","","-"
"W25Q-JW","W25Q64JWZPAQ","64","Mb","104","-","1.7","1.95","-40","105","SON","5x6","MM^2","SPI/Dual/Quad","-","P","AG2","","-"
"W25Q-JW","W25Q64JWZPAQG","64","Mb","104","-","1.7","1.95","-40","105","SON","5x6","MM^2","SPI/Dual/Quad","-","P","AG2","","-"
"W25Q-JW","W25Q64JWZPIM","64","Mb","133","66","1.7","1.95","-40","85","SON","5x6","MM^2","SPI/Dual/Quad","P","-","-","","-"
"W25Q-JW","W25Q64JWZPIMG","64","Mb","133","66","1.7","1.95","-40","85","SON","5x6","MM^2","SPI/Dual/Quad","P","-","-","","-"
"W25Q-JW","W25Q64JWZPIN","64","Mb","133","-","1.7","1.95","-40","85","SON","5x6","MM^2","SPI/Dual/Quad","P","-","-","","DRV=75%"
"W25Q-JW","W25Q64JWZPING","64","Mb","133","-","1.7","1.95","-40","85","SON","5x6","MM^2","SPI/Dual/Quad","P","-","-","","DRV=75%"
"W25Q-JW","W25Q64JWZPIQ","64","Mb","133","-","1.7","1.95","-40","85","SON","5x6","MM^2","SPI/Dual/Quad","P","-","-","","-"
"W25Q-JW","W25Q64JWZPIQG","64","Mb","133","-","1.7","1.95","-40","85","SON","5x6","MM^2","SPI/Dual/Quad","P","-","-","","-"
"W25Q-JW","W25Q64JWZPJQ","64","Mb","133","-","1.7","1.95","-40","105","SON","5x6","MM^2","SPI/Dual/Quad","P","-","-","","-"
"W25Q-JW","W25Q64JWZPJQG","64","Mb","133","-","1.7","1.95","-40","105","SON","5x6","MM^2","SPI/Dual/Quad","P","-","-","","-"
"W25Q-JW","W25Q64JWZPSQ","64","Mb","104","-","1.7","1.95","-40","125","SON","5x6","MM^2","SPI/Dual/Quad","-","P","AG1","","-"
"W25Q-JW","W25Q64JWZPSQG","64","Mb","104","-","1.7","1.95","-40","125","SON","5x6","MM^2","SPI/Dual/Quad","-","P","AG1","","-"
"W25Q-NE","W25Q64NEBYIG","64","Mb","84","-","1.14","1.26","-40","85","WLCSP","","","SPI/Dual/Quad","P","-","-","","-"
"W25Q-NE","W25Q64NEBYIGG","64","Mb","84","-","1.14","1.26","-40","85","WLCSP","","","SPI/Dual/Quad","P","-","-","","-"
"W25Q-NE","W25Q64NESSIG","64","Mb","84","-","1.14","1.26","-40","85","SOP","208","MIL","SPI/Dual/Quad","P","-","-","","-"
"W25Q-NE","W25Q64NESSIGG","64","Mb","84","-","1.14","1.26","-40","85","SOP","208","MIL","SPI/Dual/Quad","P","-","-","","-"
"W25Q-NE","W25Q64NEUUIG","","","84","-","1.14","1.26","","","","","","SPI/Dual/Quad","P","-","-","","-"
"W25Q-NE","W25Q64NEUUIGG","","","84","-","1.14","1.26","","","","","","SPI/Dual/Quad","P","-","-","","-"
"W25Q-NE","W25Q64NEXGIG","64","Mb","84","-","1.14","1.26","-40","85","XSON","4x4","MM^2","SPI/Dual/Quad","P","-","-","","-"
"W25Q-NE","W25Q64NEXGIGG","64","Mb","84","-","1.14","1.26","-40","85","XSON","4x4","MM^2","SPI/Dual/Quad","P","-","-","","-"
"W25Q-NE","W25Q64NEZPIG","64","Mb","84","-","1.14","1.26","-40","85","SON","5x6","MM^2","SPI/Dual/Quad","P","-","-","","-"
"W25Q-NE","W25Q64NEZPIGG","64","Mb","84","-","1.14","1.26","-40","85","SON","5x6","MM^2","SPI/Dual/Quad","P","-","-","","-"
"W25Q-PW","W25Q64PWBYIH","64","Mb","166","104","1.65","1.95","-40","85","WLCSP","","","SPI/Dual/Quad","UD","-","-","1","-"
"W25Q-PW","W25Q64PWBYIHG","64","Mb","166","104","1.65","1.95","-40","85","WLCSP","","","SPI/Dual/Quad","UD","-","-","1","-"
"W25Q-PW","W25Q64PWBYIM","64","Mb","166","104","1.65","1.95","-40","85","WLCSP","","","SPI/Dual/Quad","UD","-","-","1","-"
"W25Q-PW","W25Q64PWBYIMG","64","Mb","166","104","1.65","1.95","-40","85","WLCSP","","","SPI/Dual/Quad","UD","-","-","1","-"
"W25Q-PW","W25Q64PWSNIM","64","Mb","166","104","1.65","1.95","-40","85","SOP","150","MIL","SPI/Dual/Quad","S","-","-","","-"
"W25Q-PW","W25Q64PWSNIMG","64","Mb","166","104","1.65","1.95","-40","85","SOP","150","MIL","SPI/Dual/Quad","S","-","-","","-"
"W25Q-PW","W25Q64PWSNIQ","64","Mb","166","104","1.65","1.95","-40","85","SOP","150","MIL","SPI/Dual/Quad","S","-","-","","-"
"W25Q-PW","W25Q64PWSNIQG","64","Mb","166","104","1.65","1.95","-40","85","SOP","150","MIL","SPI/Dual/Quad","S","-","-","","-"
"W25Q-PW","W25Q64PWSSIM","64","Mb","166","104","1.65","1.95","-40","85","SOP","208","MIL","SPI/Dual/Quad","S","-","-","","-"
"W25Q-PW","W25Q64PWSSIMG","64","Mb","166","104","1.65","1.95","-40","85","SOP","208","MIL","SPI/Dual/Quad","S","-","-","","-"
"W25Q-PW","W25Q64PWSSIQ","64","Mb","166","104","1.65","1.95","-40","85","SOP","208","MIL","SPI/Dual/Quad","S","-","-","","-"
"W25Q-PW","W25Q64PWSSIQG","64","Mb","166","104","1.65","1.95","-40","85","SOP","208","MIL","SPI/Dual/Quad","S","-","-","","-"
"W25Q-PW","W25Q64PWTBIM","64","Mb","166","104","1.65","1.95","-40","85","TFBGA (5x5)","6x8","MM^2","SPI/Dual/Quad","S","-","-","","-"
"W25Q-PW","W25Q64PWTBIMG","64","Mb","166","104","1.65","1.95","-40","85","TFBGA (5x5)","6x8","MM^2","SPI/Dual/Quad","S","-","-","","-"
"W25Q-PW","W25Q64PWTBIQ","64","Mb","166","104","1.65","1.95","-40","85","TFBGA (5x5)","6x8","MM^2","SPI/Dual/Quad","S","-","-","","-"
"W25Q-PW","W25Q64PWTBIQG","64","Mb","166","104","1.65","1.95","-40","85","TFBGA (5x5)","6x8","MM^2","SPI/Dual/Quad","S","-","-","","-"
"W25Q-PW","W25Q64PWUUIM","64","Mb","166","104","1.65","1.95","-40","85","USON","4x3","MM^2","SPI/Dual/Quad","S","-","-","","-"
"W25Q-PW","W25Q64PWUUIMG","64","Mb","166","104","1.65","1.95","-40","85","USON","4x3","MM^2","SPI/Dual/Quad","S","-","-","","-"
"W25Q-PW","W25Q64PWUUIQ","64","Mb","166","104","1.65","1.95","-40","85","USON","4x3","MM^2","SPI/Dual/Quad","S","-","-","","-"
"W25Q-PW","W25Q64PWUUIQG","64","Mb","166","104","1.65","1.95","-40","85","USON","4x3","MM^2","SPI/Dual/Quad","S","-","-","","-"
"W25Q-PW","W25Q64PWXGIM","64","Mb","166","104","1.65","1.95","-40","85","XSON","4x4","MM^2","SPI/Dual/Quad","S","-","-","","-"
"W25Q-PW","W25Q64PWXGIMG","64","Mb","166","104","1.65","1.95","-40","85","XSON","4x4","MM^2","SPI/Dual/Quad","S","-","-","","-"
"W25Q-PW","W25Q64PWXGIQ","64","Mb","166","104","1.65","1.95","-40","85","XSON","4x4","MM^2","SPI/Dual/Quad","S","-","-","","-"
"W25Q-PW","W25Q64PWXGIQG","64","Mb","166","104","1.65","1.95","-40","85","XSON","4x4","MM^2","SPI/Dual/Quad","S","-","-","","-"
"W25Q-PW","W25Q64PWXHIM","64","Mb","166","104","1.65","1.95","-40","85","FCXSON","2x3","MM^2","SPI/Dual/Quad","UD","-","-","","-"
"W25Q-PW","W25Q64PWXHIMG","64","Mb","166","104","1.65","1.95","-40","85","FCXSON","2x3","MM^2","SPI/Dual/Quad","UD","-","-","","-"
"W25Q-PW","W25Q64PWXHIQ","64","Mb","166","104","1.65","1.95","-40","85","FCXSON","2x3","MM^2","SPI/Dual/Quad","UD","-","-","","-"
"W25Q-PW","W25Q64PWXHIQG","64","Mb","166","104","1.65","1.95","-40","85","FCXSON","2x3","MM^2","SPI/Dual/Quad","UD","-","-","","-"
"W25Q-PW","W25Q64PWZPIM","64","Mb","166","104","1.65","1.95","-40","85","SON","5x6","MM^2","SPI/Dual/Quad","S","-","-","","-"
"W25Q-PW","W25Q64PWZPIMG","64","Mb","166","104","1.65","1.95","-40","85","SON","5x6","MM^2","SPI/Dual/Quad","S","-","-","","-"
"W25Q-PW","W25Q64PWZPIQ","64","Mb","166","104","1.65","1.95","-40","85","SON","5x6","MM^2","SPI/Dual/Quad","S","-","-","","-"
"W25Q-PW","W25Q64PWZPIQG","64","Mb","166","104","1.65","1.95","-40","85","SON","5x6","MM^2","SPI/Dual/Quad","S","-","-","","-"
"W25Q-PY","W25Q64PYBYIH","64","Mb","133","84","1.65","1.95","-40","85","WLCSP","","","SPI/Dual/Quad","UD","-","-","1","1.2V I/O"
"W25Q-PY","W25Q64PYBYIHG","64","Mb","133","84","1.65","1.95","-40","85","WLCSP","","","SPI/Dual/Quad","UD","-","-","1","1.2V I/O"
"W25Q-PY","W25Q64PYBYIM","64","Mb","133","84","1.65","1.95","-40","85","WLCSP","","","SPI/Dual/Quad","UD","-","-","1","1.2V I/O"
"W25Q-PY","W25Q64PYBYIMG","64","Mb","133","84","1.65","1.95","-40","85","WLCSP","","","SPI/Dual/Quad","UD","-","-","1","1.2V I/O"
"W25Q-PY","W25Q64PYTBIM","64","Mb","133","84","1.65","1.95","-40","85","TFBGA (5x5)","6x8","MM^2","SPI/Dual/Quad","UD","-","-","","1.2V I/O"
"W25Q-PY","W25Q64PYTBIMG","64","Mb","133","84","1.65","1.95","-40","85","TFBGA (5x5)","6x8","MM^2","SPI/Dual/Quad","UD","-","-","","1.2V I/O"
"W25Q-PY","W25Q64PYTBIQ","64","Mb","133","84","1.65","1.95","-40","85","TFBGA (5x5)","6x8","MM^2","SPI/Dual/Quad","UD","-","-","","1.2V I/O"
"W25Q-PY","W25Q64PYTBIQG","64","Mb","133","84","1.65","1.95","-40","85","TFBGA (5x5)","6x8","MM^2","SPI/Dual/Quad","UD","-","-","","1.2V I/O"
"W25Q-RV","W25Q64RVCNJM","64","Mb","166","133","2.7","3.6","-40","105","SOP","150","MIL","SPI/Dual/Quad","P","-","-","","-"
"W25Q-RV","W25Q64RVCNJMG","64","Mb","166","133","2.7","3.6","-40","105","SOP","150","MIL","SPI/Dual/Quad","P","-","-","","-"
"W25Q-RV","W25Q64RVCNJQ","64","Mb","166","-","2.7","3.6","-40","105","SOP","150","MIL","SPI/Dual/Quad","P","-","-","","-"
"W25Q-RV","W25Q64RVCNJQG","64","Mb","166","-","2.7","3.6","-40","105","SOP","150","MIL","SPI/Dual/Quad","P","-","-","","-"
"W25Q-RV","W25Q64RVCPJM","64","Mb","166","133","2.7","3.6","-40","105","SON","5x6","MM^2","SPI/Dual/Quad","P","-","-","","-"
"W25Q-RV","W25Q64RVCPJMG","64","Mb","166","133","2.7","3.6","-40","105","SON","5x6","MM^2","SPI/Dual/Quad","P","-","-","","-"
"W25Q-RV","W25Q64RVCPJQ","64","Mb","166","-","2.7","3.6","-40","105","SON","5x6","MM^2","SPI/Dual/Quad","P","-","-","","-"
"W25Q-RV","W25Q64RVCPJQG","64","Mb","166","-","2.7","3.6","-40","105","SON","5x6","MM^2","SPI/Dual/Quad","P","-","-","","-"
"W25Q-RV","W25Q64RVCSJM","64","Mb","166","133","2.7","3.6","-40","105","SOP","208","MIL","SPI/Dual/Quad","P","-","-","","-"
"W25Q-RV","W25Q64RVCSJMG","64","Mb","166","133","2.7","3.6","-40","105","SOP","208","MIL","SPI/Dual/Quad","P","-","-","","-"
"W25Q-RV","W25Q64RVCSJQ","64","Mb","166","-","2.7","3.6","-40","105","SOP","208","MIL","SPI/Dual/Quad","P","-","-","","-"
"W25Q-RV","W25Q64RVCSJQG","64","Mb","166","-","2.7","3.6","-40","105","SOP","208","MIL","SPI/Dual/Quad","P","-","-","","-"
"W25Q-RV","W25Q64RVXGJM","64","Mb","166","133","2.7","3.6","-40","105","XSON","4x4","MM^2","SPI/Dual/Quad","P","-","-","","-"
"W25Q-RV","W25Q64RVXGJMG","64","Mb","166","133","2.7","3.6","-40","105","XSON","4x4","MM^2","SPI/Dual/Quad","P","-","-","","-"
"W25Q-RV","W25Q64RVXGJQ","64","Mb","166","-","2.7","3.6","-40","105","XSON","4x4","MM^2","SPI/Dual/Quad","P","-","-","","-"
"W25Q-RV","W25Q64RVXGJQG","64","Mb","166","-","2.7","3.6","-40","105","XSON","4x4","MM^2","SPI/Dual/Quad","P","-","-","","-"
"W25Q-NE","W25Q65NEBYIG","64","Mb","133","133","1.14","1.26","-40","85","WLCSP","","","SPI/Dual/Quad","S","-","-","","-"
"W25Q-NE","W25Q65NEBYIGG","64","Mb","133","133","1.14","1.26","-40","85","WLCSP","","","SPI/Dual/Quad","S","-","-","","-"
"W25Q-NE","W25Q65NESSIG","64","Mb","133","133","1.14","1.26","-40","85","SOP","208","MIL","SPI/Dual/Quad","P","-","-","","-"
"W25Q-NE","W25Q65NESSIGG","64","Mb","133","133","1.14","1.26","-40","85","SOP","208","MIL","SPI/Dual/Quad","P","-","-","","-"
"W25Q-NE","W25Q65NEXGIG","64","Mb","133","133","1.14","1.26","-40","85","XSON","4x4","MM^2","SPI/Dual/Quad","P","-","-","","-"
"W25Q-NE","W25Q65NEXGIGG","64","Mb","133","133","1.14","1.26","-40","85","XSON","4x4","MM^2","SPI/Dual/Quad","P","-","-","","-"
"W25Q-DV","W25Q80DVUXIE","8","Mb","104","-","2.7","3.6","-40","85","USON","2x3","MM^2","SPI/Dual/Quad","N","-","-","","-"
"W25Q-DV","W25Q80DVUXIEG","8","Mb","104","-","2.7","3.6","-40","85","USON","2x3","MM^2","SPI/Dual/Quad","N","-","-","","-"
"W25Q-DV","W25Q80DVUXJE","8","Mb","104","-","2.7","3.6","-40","105","USON","2x3","MM^2","SPI/Dual/Quad","N","-","-","","-"
"W25Q-DV","W25Q80DVUXJEG","8","Mb","104","-","2.7","3.6","-40","105","USON","2x3","MM^2","SPI/Dual/Quad","N","-","-","","-"
"W25Q-EW","W25Q80EWUXIE","8","Mb","104","-","1.65","1.95","-40","85","USON","2x3","MM^2","SPI/Dual/Quad","P","-","-","","-"
"W25Q-EW","W25Q80EWUXIEG","8","Mb","104","-","1.65","1.95","-40","85","USON","2x3","MM^2","SPI/Dual/Quad","P","-","-","","-"
"W25Q-PW","W25Q80PWSNIM","8","Mb","166","104","1.65","1.95","-40","85","SOP","150","MIL","SPI/Dual/Quad","S","-","-","","-"
"W25Q-PW","W25Q80PWSNIMG","8","Mb","166","104","1.65","1.95","-40","85","SOP","150","MIL","SPI/Dual/Quad","S","-","-","","-"
"W25Q-PW","W25Q80PWSNIQ","8","Mb","166","-","1.65","1.95","-40","85","SOP","150","MIL","SPI/Dual/Quad","S","-","-","","-"
"W25Q-PW","W25Q80PWSNIQG","8","Mb","166","-","1.65","1.95","-40","85","SOP","150","MIL","SPI/Dual/Quad","S","-","-","","-"
"W25Q-PW","W25Q80PWSSIM","8","Mb","166","104","1.65","1.95","-40","85","SOP","208","MIL","SPI/Dual/Quad","S","-","-","","-"
"W25Q-PW","W25Q80PWSSIMG","8","Mb","166","104","1.65","1.95","-40","85","SOP","208","MIL","SPI/Dual/Quad","S","-","-","","-"
"W25Q-PW","W25Q80PWSSIQ","8","Mb","166","-","1.65","1.95","-40","85","SOP","208","MIL","SPI/Dual/Quad","S","-","-","","-"
"W25Q-PW","W25Q80PWSSIQG","8","Mb","166","-","1.65","1.95","-40","85","SOP","208","MIL","SPI/Dual/Quad","S","-","-","","-"
"W25Q-PW","W25Q80PWUUIM","8","Mb","166","104","1.65","1.95","-40","85","USON","4x3","MM^2","SPI/Dual/Quad","S","-","-","","-"
"W25Q-PW","W25Q80PWUUIMG","8","Mb","166","104","1.65","1.95","-40","85","USON","4x3","MM^2","SPI/Dual/Quad","S","-","-","","-"
"W25Q-PW","W25Q80PWUUIQ","8","Mb","166","-","1.65","1.95","-40","85","USON","4x3","MM^2","SPI/Dual/Quad","S","-","-","","-"
"W25Q-PW","W25Q80PWUUIQG","8","Mb","166","-","1.65","1.95","-40","85","USON","4x3","MM^2","SPI/Dual/Quad","S","-","-","","-"
"W25Q-PW","W25Q80PWXHIM","8","Mb","166","104","1.65","1.95","-40","85","XSON","2x3","MM^2","SPI/Dual/Quad","S","-","-","","-"
"W25Q-PW","W25Q80PWXHIMG","8","Mb","166","104","1.65","1.95","-40","85","XSON","2x3","MM^2","SPI/Dual/Quad","S","-","-","","-"
"W25Q-PW","W25Q80PWXHIQ","8","Mb","166","-","1.65","1.95","-40","85","XSON","2x3","MM^2","SPI/Dual/Quad","S","-","-","","-"
"W25Q-PW","W25Q80PWXHIQG","8","Mb","166","-","1.65","1.95","-40","85","XSON","2x3","MM^2","SPI/Dual/Quad","S","-","-","","-"
"W25Q-RL","W25Q80RLSNJM","8","Mb","133","84","2.3","3.6","-40","105","SOP","150","MIL","SPI/Dual/Quad","P","-","-","","-"
"W25Q-RL","W25Q80RLSNJMG","8","Mb","133","84","2.3","3.6","-40","105","SOP","150","MIL","SPI/Dual/Quad","P","-","-","","-"
"W25Q-RL","W25Q80RLSNJQ","8","Mb","133","-","2.3","3.6","-40","105","SOP","150","MIL","SPI/Dual/Quad","P","-","-","","-"
"W25Q-RL","W25Q80RLSNJQG","8","Mb","133","-","2.3","3.6","-40","105","SOP","150","MIL","SPI/Dual/Quad","P","-","-","","-"
"W25Q-RL","W25Q80RLSSJM","8","Mb","133","84","2.3","3.6","-40","105","SOP","208","MIL","SPI/Dual/Quad","P","-","-","","-"
"W25Q-RL","W25Q80RLSSJMG","8","Mb","133","84","2.3","3.6","-40","105","SOP","208","MIL","SPI/Dual/Quad","P","-","-","","-"
"W25Q-RL","W25Q80RLSSJQ","8","Mb","133","-","2.3","3.6","-40","105","SOP","208","MIL","SPI/Dual/Quad","P","-","-","","-"
"W25Q-RL","W25Q80RLSSJQG","8","Mb","133","-","2.3","3.6","-40","105","SOP","208","MIL","SPI/Dual/Quad","P","-","-","","-"
"W25Q-RL","W25Q80RLXHJM","8","Mb","133","84","2.3","3.6","-40","105","XSON","2x3","MM^2","SPI/Dual/Quad","P","-","-","","-"
"W25Q-RL","W25Q80RLXHJMG","8","Mb","133","84","2.3","3.6","-40","105","XSON","2x3","MM^2","SPI/Dual/Quad","P","-","-","","-"
"W25Q-RL","W25Q80RLXHJQ","8","Mb","133","-","2.3","3.6","-40","105","XSON","2x3","MM^2","SPI/Dual/Quad","P","-","-","","-"
"W25Q-RL","W25Q80RLXHJQG","8","Mb","133","-","2.3","3.6","-40","105","XSON","2x3","MM^2","SPI/Dual/Quad","P","-","-","","-"
"W25Q-RL","W25Q80RLZPJM","8","Mb","133","84","2.3","3.6","-40","105","SON","5x6","MM^2","SPI/Dual/Quad","P","-","-","","-"
"W25Q-RL","W25Q80RLZPJMG","8","Mb","133","84","2.3","3.6","-40","105","SON","5x6","MM^2","SPI/Dual/Quad","P","-","-","","-"
"W25Q-RL","W25Q80RLZPJQ","8","Mb","133","-","2.3","3.6","-40","105","SON","5x6","MM^2","SPI/Dual/Quad","P","-","-","","-"
"W25Q-RL","W25Q80RLZPJQG","8","Mb","133","-","2.3","3.6","-40","105","SON","5x6","MM^2","SPI/Dual/Quad","P","-","-","","-"
"W25Q-RV","W25Q80RVSNAM","8","Mb","133","84","2.7","3.6","-40","105","SOP","150","MIL","SPI/Dual/Quad","-","S","AG2","","-"
"W25Q-RV","W25Q80RVSNAMG","8","Mb","133","84","2.7","3.6","-40","105","SOP","150","MIL","SPI/Dual/Quad","-","S","AG2","","-"
"W25Q-RV","W25Q80RVSNAQ","8","Mb","133","-","2.7","3.6","-40","105","SOP","150","MIL","SPI/Dual/Quad","-","S","AG2","","-"
"W25Q-RV","W25Q80RVSNAQG","8","Mb","133","-","2.7","3.6","-40","105","SOP","150","MIL","SPI/Dual/Quad","-","S","AG2","","-"
"W25Q-RV","W25Q80RVSNJM","8","Mb","133","84","2.7","3.6","-40","105","SOP","150","MIL","SPI/Dual/Quad","P","-","-","","-"
"W25Q-RV","W25Q80RVSNJMG","8","Mb","133","84","2.7","3.6","-40","105","SOP","150","MIL","SPI/Dual/Quad","P","-","-","","-"
"W25Q-RV","W25Q80RVSNJQ","8","Mb","133","-","2.7","3.6","-40","105","SOP","150","MIL","SPI/Dual/Quad","P","-","-","","-"
"W25Q-RV","W25Q80RVSNJQG","8","Mb","133","-","2.7","3.6","-40","105","SOP","150","MIL","SPI/Dual/Quad","P","-","-","","-"
"W25Q-RV","W25Q80RVSNSM","8","Mb","133","84","2.7","3.6","-40","125","SOP","150","MIL","SPI/Dual/Quad","-","S","AG1","","-"
"W25Q-RV","W25Q80RVSNSMG","8","Mb","133","84","2.7","3.6","-40","125","SOP","150","MIL","SPI/Dual/Quad","-","S","AG1","","-"
"W25Q-RV","W25Q80RVSNSQ","8","Mb","133","-","2.7","3.6","-40","125","SOP","150","MIL","SPI/Dual/Quad","-","S","AG1","","-"
"W25Q-RV","W25Q80RVSNSQG","8","Mb","133","-","2.7","3.6","-40","125","SOP","150","MIL","SPI/Dual/Quad","-","S","AG1","","-"
"W25Q-RV","W25Q80RVSSAM","8","Mb","133","84","2.7","3.6","-40","105","SOP","208","MIL","SPI/Dual/Quad","-","S","AG2","","-"
"W25Q-RV","W25Q80RVSSAMG","8","Mb","133","84","2.7","3.6","-40","105","SOP","208","MIL","SPI/Dual/Quad","-","S","AG2","","-"
"W25Q-RV","W25Q80RVSSAQ","8","Mb","133","-","2.7","3.6","-40","105","SOP","208","MIL","SPI/Dual/Quad","-","S","AG2","","-"
"W25Q-RV","W25Q80RVSSAQG","8","Mb","133","-","2.7","3.6","-40","105","SOP","208","MIL","SPI/Dual/Quad","-","S","AG2","","-"
"W25Q-RV","W25Q80RVSSJM","8","Mb","133","84","2.7","3.6","-40","105","SOP","208","MIL","SPI/Dual/Quad","P","-","-","","-"
"W25Q-RV","W25Q80RVSSJMG","8","Mb","133","84","2.7","3.6","-40","105","SOP","208","MIL","SPI/Dual/Quad","P","-","-","","-"
"W25Q-RV","W25Q80RVSSJQ","8","Mb","133","-","2.7","3.6","-40","105","SOP","208","MIL","SPI/Dual/Quad","P","-","-","","-"
"W25Q-RV","W25Q80RVSSJQG","8","Mb","133","-","2.7","3.6","-40","105","SOP","208","MIL","SPI/Dual/Quad","P","-","-","","-"
"W25Q-RV","W25Q80RVSSSM","8","Mb","133","84","2.7","3.6","-40","125","SOP","208","MIL","SPI/Dual/Quad","-","S","AG1","","-"
"W25Q-RV","W25Q80RVSSSMG","8","Mb","133","84","2.7","3.6","-40","125","SOP","208","MIL","SPI/Dual/Quad","-","S","AG1","","-"
"W25Q-RV","W25Q80RVSSSQ","8","Mb","133","-","2.7","3.6","-40","125","SOP","208","MIL","SPI/Dual/Quad","-","S","AG1","","-"
"W25Q-RV","W25Q80RVSSSQG","8","Mb","133","-","2.7","3.6","-40","125","SOP","208","MIL","SPI/Dual/Quad","-","S","AG1","","-"
"W25Q-RV","W25Q80RVXHAM","8","Mb","133","84","2.7","3.6","-40","105","XSON","2x3","MM^2","SPI/Dual/Quad","-","S","AG2","","-"
"W25Q-RV","W25Q80RVXHAMG","8","Mb","133","84","2.7","3.6","-40","105","XSON","2x3","MM^2","SPI/Dual/Quad","-","S","AG2","","-"
"W25Q-RV","W25Q80RVXHAQ","8","Mb","133","-","2.7","3.6","-40","105","XSON","2x3","MM^2","SPI/Dual/Quad","-","S","AG2","","-"
"W25Q-RV","W25Q80RVXHAQG","8","Mb","133","-","2.7","3.6","-40","105","XSON","2x3","MM^2","SPI/Dual/Quad","-","S","AG2","","-"
"W25Q-RV","W25Q80RVXHJM","8","Mb","133","84","2.7","3.6","-40","105","XSON","2x3","MM^2","SPI/Dual/Quad","P","-","-","","-"
"W25Q-RV","W25Q80RVXHJMG","8","Mb","133","84","2.7","3.6","-40","105","XSON","2x3","MM^2","SPI/Dual/Quad","P","-","-","","-"
"W25Q-RV","W25Q80RVXHJQ","8","Mb","133","-","2.7","3.6","-40","105","XSON","2x3","MM^2","SPI/Dual/Quad","P","-","-","","-"
"W25Q-RV","W25Q80RVXHJQG","8","Mb","133","-","2.7","3.6","-40","105","XSON","2x3","MM^2","SPI/Dual/Quad","P","-","-","","-"
"W25Q-RV","W25Q80RVXHSM","8","Mb","133","84","2.7","3.6","-40","125","XSON","2x3","MM^2","SPI/Dual/Quad","-","S","AG1","","-"
"W25Q-RV","W25Q80RVXHSMG","8","Mb","133","84","2.7","3.6","-40","125","XSON","2x3","MM^2","SPI/Dual/Quad","-","S","AG1","","-"
"W25Q-RV","W25Q80RVXHSQ","8","Mb","133","-","2.7","3.6","-40","125","XSON","2x3","MM^2","SPI/Dual/Quad","-","S","AG1","","-"
"W25Q-RV","W25Q80RVXHSQG","8","Mb","133","-","2.7","3.6","-40","125","XSON","2x3","MM^2","SPI/Dual/Quad","-","S","AG1","","-"
"W25Q-RV","W25Q80RVZPAM","8","Mb","133","84","2.7","3.6","-40","105","SON","5x6","MM^2","SPI/Dual/Quad","-","S","AG2","","-"
"W25Q-RV","W25Q80RVZPAMG","8","Mb","133","84","2.7","3.6","-40","105","SON","5x6","MM^2","SPI/Dual/Quad","-","S","AG2","","-"
"W25Q-RV","W25Q80RVZPAQ","8","Mb","133","-","2.7","3.6","-40","105","SON","5x6","MM^2","SPI/Dual/Quad","-","S","AG2","","-"
"W25Q-RV","W25Q80RVZPAQG","8","Mb","133","-","2.7","3.6","-40","105","SON","5x6","MM^2","SPI/Dual/Quad","-","S","AG2","","-"
"W25Q-RV","W25Q80RVZPJM","8","Mb","133","84","2.7","3.6","-40","105","SON","5x6","MM^2","SPI/Dual/Quad","P","-","-","","-"
"W25Q-RV","W25Q80RVZPJMG","8","Mb","133","84","2.7","3.6","-40","105","SON","5x6","MM^2","SPI/Dual/Quad","P","-","-","","-"
"W25Q-RV","W25Q80RVZPJQ","8","Mb","133","-","2.7","3.6","-40","105","SON","5x6","MM^2","SPI/Dual/Quad","P","-","-","","-"
"W25Q-RV","W25Q80RVZPJQG","8","Mb","133","-","2.7","3.6","-40","105","SON","5x6","MM^2","SPI/Dual/Quad","P","-","-","","-"
"W25Q-RV","W25Q80RVZPSM","8","Mb","133","84","2.7","3.6","-40","125","SON","5x6","MM^2","SPI/Dual/Quad","-","S","AG1","","-"
"W25Q-RV","W25Q80RVZPSMG","8","Mb","133","84","2.7","3.6","-40","125","SON","5x6","MM^2","SPI/Dual/Quad","-","S","AG1","","-"
"W25Q-RV","W25Q80RVZPSQ","8","Mb","133","-","2.7","3.6","-40","125","SON","5x6","MM^2","SPI/Dual/Quad","-","S","AG1","","-"
"W25Q-RV","W25Q80RVZPSQG","8","Mb","133","-","2.7","3.6","-40","125","SON","5x6","MM^2","SPI/Dual/Quad","-","S","AG1","","-"
"W25Q-NE","W25Q81NEBYIG","8","Mb","133","133","1.14","1.26","-40","85","WLCSP","","","SPI/Dual/Quad","S","-","-","","-"
"W25Q-NE","W25Q81NEBYIGG","8","Mb","133","133","1.14","1.26","-40","85","WLCSP","","","SPI/Dual/Quad","S","-","-","","-"
"W25Q-NE","W25Q81NESNIG","8","Mb","133","133","1.14","1.26","-40","85","SOP","150","MIL","SPI/Dual/Quad","P","-","-","","-"
"W25Q-NE","W25Q81NESNIGG","8","Mb","133","133","1.14","1.26","-40","85","SOP","150","MIL","SPI/Dual/Quad","P","-","-","","-"
"W25Q-NE","W25Q81NEXHIG","8","Mb","133","133","1.14","1.26","-40","85","XSON","2x3","MM^2","SPI/Dual/Quad","P","-","-","","-"
"W25Q-NE","W25Q81NEXHIGG","8","Mb","133","133","1.14","1.26","-40","85","XSON","2x3","MM^2","SPI/Dual/Quad","P","-","-","","-"
"W25R-JV","W25R01JVZHIQ","1","Gb","133","-","2.7","3.6","-40","85","VSON","8x6","MM^2","SPI with Single, Dual, Quad I/O, RPMC fixed","S","-","-","","-"
"W25R-JV","W25R01JVZHIQG","1","Gb","133","-","2.7","3.6","-40","85","VSON","8x6","MM^2","SPI with Single, Dual, Quad I/O, RPMC fixed","S","-","-","","-"
"W25R-NW","W25R01NWZHIQ","1","Gb","104","-","1.7","1.95","-40","85","VSON","8x6","MM^2","SPI with Single, Dual, Quad I/O, RPMC fixed","S","-","-","","-"
"W25R-NW","W25R01NWZHIQG","1","Gb","104","-","1.7","1.95","-40","85","VSON","8x6","MM^2","SPI with Single, Dual, Quad I/O, RPMC fixed","S","-","-","","-"
"W25R-JV","W25R128JVEIQ","128","Mb","133","-","2.7","3.6","-40","85","SON","8x6","MM^2","SPI with Single, Dual, Quad I/O, RPMC fixed","P","-","-","","-"
"W25R-JV","W25R128JVEIQG","128","Mb","133","-","2.7","3.6","-40","85","SON","8x6","MM^2","SPI with Single, Dual, Quad I/O, RPMC fixed","P","-","-","","-"
"W25R-JV","W25R128JVPIQ","128","Mb","133","-","2.7","3.6","-40","85","SON","5x6","MM^2","SPI with Single, Dual, Quad I/O, RPMC fixed","P","-","-","","-"
"W25R-JV","W25R128JVPIQG","128","Mb","133","-","2.7","3.6","-40","85","SON","5x6","MM^2","SPI with Single, Dual, Quad I/O, RPMC fixed","P","-","-","","-"
"W25R-JV","W25R128JVSIQ","128","Mb","133","-","2.7","3.6","-40","85","SOP","208","MIL","SPI with Single, Dual, Quad I/O, RPMC fixed","P","-","-","","-"
"W25R-JV","W25R128JVSIQG","128","Mb","133","-","2.7","3.6","-40","85","SOP","208","MIL","SPI with Single, Dual, Quad I/O, RPMC fixed","P","-","-","","-"
"W25R-JW","W25R128JWEIQ","128","Mb","104","-","1.7","1.95","-40","85","SON","8x6","MM^2","SPI with Single, Dual, Quad I/O, RPMC fixed","P","-","-","","-"
"W25R-JW","W25R128JWEIQG","128","Mb","104","-","1.7","1.95","-40","85","SON","8x6","MM^2","SPI with Single, Dual, Quad I/O, RPMC fixed","P","-","-","","-"
"W25R-JW","W25R128JWPIQ","128","Mb","104","-","1.7","1.95","-40","85","SON","5x6","MM^2","SPI with Single, Dual, Quad I/O, RPMC fixed","P","-","-","","-"
"W25R-JW","W25R128JWPIQG","128","Mb","104","-","1.7","1.95","-40","85","SON","5x6","MM^2","SPI with Single, Dual, Quad I/O, RPMC fixed","P","-","-","","-"
"W25R-JW","W25R128JWPJQ","128","Mb","104","-","1.7","1.95","-40","105","SON","5x6","MM^2","SPI with Single, Dual, Quad I/O, RPMC fixed","P","-","-","","-"
"W25R-JW","W25R128JWPJQG","128","Mb","104","-","1.7","1.95","-40","105","SON","5x6","MM^2","SPI with Single, Dual, Quad I/O, RPMC fixed","P","-","-","","-"
"W25R-JW","W25R128JWSIQ","128","Mb","104","-","1.7","1.95","-40","85","SOP","208","MIL","SPI with Single, Dual, Quad I/O, RPMC fixed","P","-","-","","-"
"W25R-JW","W25R128JWSIQG","128","Mb","104","-","1.7","1.95","-40","85","SOP","208","MIL","SPI with Single, Dual, Quad I/O, RPMC fixed","P","-","-","","-"
"W25R-JV","W25R256JVEIN","256","Mb","133","-","2.7","3.6","-40","85","SON","8x6","MM^2","SPI with Single, Dual, Quad I/O, RPMC fixed","P","-","-","","-"
"W25R-JV","W25R256JVEING","256","Mb","133","-","2.7","3.6","-40","85","SON","8x6","MM^2","SPI with Single, Dual, Quad I/O, RPMC fixed","P","-","-","","-"
"W25R-JV","W25R256JVEIQ","256","Mb","133","-","2.7","3.6","-40","85","SON","8x6","MM^2","SPI with Single, Dual, Quad I/O, RPMC fixed","P","-","-","","-"
"W25R-JV","W25R256JVEIQG","256","Mb","133","-","2.7","3.6","-40","85","SON","8x6","MM^2","SPI with Single, Dual, Quad I/O, RPMC fixed","P","-","-","","-"
"W25R-JV","W25R256JVFIN","256","Mb","133","-","2.7","3.6","-40","85","SOP","300","MIL","SPI with Single, Dual, Quad I/O, RPMC fixed","P","-","-","","-"
"W25R-JV","W25R256JVFING","256","Mb","133","-","2.7","3.6","-40","85","SOP","300","MIL","SPI with Single, Dual, Quad I/O, RPMC fixed","P","-","-","","-"
"W25R-JV","W25R256JVFIQ","256","Mb","133","-","2.7","3.6","-40","85","SOP","300","MIL","SPI with Single, Dual, Quad I/O, RPMC fixed","P","-","-","","-"
"W25R-JV","W25R256JVFIQG","256","Mb","133","-","2.7","3.6","-40","85","SOP","300","MIL","SPI with Single, Dual, Quad I/O, RPMC fixed","P","-","-","","-"
"W25R-JW","W25R256JWEIQ","256","Mb","104","-","1.7","1.95","-40","85","SON","8x6","MM^2","SPI with Single, Dual, Quad I/O, RPMC fixed","P","-","-","","-"
"W25R-JW","W25R256JWEIQG","256","Mb","104","-","1.7","1.95","-40","85","SON","8x6","MM^2","SPI with Single, Dual, Quad I/O, RPMC fixed","P","-","-","","-"
"W25R-JW","W25R256JWFIQ","256","Mb","104","-","1.7","1.95","-40","85","SOP","300","MIL","SPI with Single, Dual, Quad I/O, RPMC fixed","P","-","-","","-"
"W25R-JW","W25R256JWFIQG","256","Mb","104","-","1.7","1.95","-40","85","SOP","300","MIL","SPI with Single, Dual, Quad I/O, RPMC fixed","P","-","-","","-"
"W25R-JW","W25R256JWPIQ","256","Mb","104","-","1.7","1.95","-40","85","SON","5x6","MM^2","SPI with Single, Dual, Quad I/O, RPMC fixed","P","-","-","","-"
"W25R-JW","W25R256JWPIQG","256","Mb","104","-","1.7","1.95","-40","85","SON","5x6","MM^2","SPI with Single, Dual, Quad I/O, RPMC fixed","P","-","-","","-"
"W25R-JV","W25R512JVEIN","512","Mb","133","-","2.7","3.6","-40","85","SON","8x6","MM^2","SPI with Single, Dual, Quad I/O, RPMC fixed","P","-","-","","-"
"W25R-JV","W25R512JVEING","512","Mb","133","-","2.7","3.6","-40","85","SON","8x6","MM^2","SPI with Single, Dual, Quad I/O, RPMC fixed","P","-","-","","-"
"W25R-JV","W25R512JVEIQ","512","Mb","133","-","2.7","3.6","-40","85","SON","8x6","MM^2","SPI with Single, Dual, Quad I/O, RPMC fixed","P","-","-","","-"
"W25R-JV","W25R512JVEIQG","512","Mb","133","-","2.7","3.6","-40","85","SON","8x6","MM^2","SPI with Single, Dual, Quad I/O, RPMC fixed","P","-","-","","-"
"W25R-JV","W25R512JVFIN","512","Mb","133","-","2.7","3.6","-40","85","SOP","300","MIL","SPI with Single, Dual, Quad I/O, RPMC fixed","P","-","-","","-"
"W25R-JV","W25R512JVFING","512","Mb","133","-","2.7","3.6","-40","85","SOP","300","MIL","SPI with Single, Dual, Quad I/O, RPMC fixed","P","-","-","","-"
"W25R-NW","W25R512NWEIQ","512","Mb","133","-","1.7","1.95","-40","85","SON","8x6","MM^2","SPI with Single, Dual, Quad I/O, RPMC fixed","P","-","-","","-"
"W25R-NW","W25R512NWEIQG","512","Mb","133","-","1.7","1.95","-40","85","SON","8x6","MM^2","SPI with Single, Dual, Quad I/O, RPMC fixed","P","-","-","","-"
"W25R-NW","W25R512NWFIQ","512","Mb","133","-","1.7","1.95","-40","85","SOP","300","MIL","SPI with Single, Dual, Quad I/O, RPMC fixed","P","-","-","","-"
"W25R-NW","W25R512NWFIQG","512","Mb","133","-","1.7","1.95","-40","85","SOP","300","MIL","SPI with Single, Dual, Quad I/O, RPMC fixed","P","-","-","","-"
"W25R-JV","W25R64JVSSIQ","64","Mb","133","-","2.7","3.6","-40","85","SOP","208","MIL","SPI with Single, Dual, Quad I/O, RPMC fixed","P","-","-","","-"
"W25R-JV","W25R64JVSSIQG","64","Mb","133","-","2.7","3.6","-40","85","SOP","208","MIL","SPI with Single, Dual, Quad I/O, RPMC fixed","P","-","-","","-"
"W25R-JV","W25R64JVZPIQ","64","Mb","133","-","2.7","3.6","-40","85","SON","5x6","MM^2","SPI with Single, Dual, Quad I/O, RPMC fixed","P","-","-","","-"
"W25R-JV","W25R64JVZPIQG","64","Mb","133","-","2.7","3.6","-40","85","SON","5x6","MM^2","SPI with Single, Dual, Quad I/O, RPMC fixed","P","-","-","","-"
"W25R-JW","W25R64JWSSIQ","64","Mb","104","-","1.7","1.95","-40","85","SOP","208","MIL","SPI with Single, Dual, Quad I/O, RPMC fixed","P","-","-","","-"
"W25R-JW","W25R64JWSSIQG","64","Mb","104","-","1.7","1.95","-40","85","SOP","208","MIL","SPI with Single, Dual, Quad I/O, RPMC fixed","P","-","-","","-"
"W25R-JW","W25R64JWZPIQ","64","Mb","104","-","1.7","1.95","-40","85","SON","5x6","MM^2","SPI with Single, Dual, Quad I/O, RPMC fixed","P","-","-","","-"
"W25R-JW","W25R64JWZPIQG","64","Mb","104","-","1.7","1.95","-40","85","SON","5x6","MM^2","SPI with Single, Dual, Quad I/O, RPMC fixed","P","-","-","","-"
"W74M-JW","W74M12JWSSSQ","128","Mb","104","-","1.7","1.95","-40","125","SOP","208","MIL","Authentication Flash SPI/Dual/Quad","-","P","AG1","","-"
"W74M-JW","W74M12JWSSSQG","128","Mb","104","-","1.7","1.95","-40","125","SOP","208","MIL","Authentication Flash SPI/Dual/Quad","-","P","AG1","","-"
"W74M-JW","W74M12JWZPSQ","128","Mb","104","-","1.7","1.95","-40","125","SON","5x6","MM^2","Authentication Flash SPI/Dual/Quad","-","S","AG1","","-"
"W74M-JW","W74M12JWZPSQG","128","Mb","104","-","1.7","1.95","-40","125","SON","5x6","MM^2","Authentication Flash SPI/Dual/Quad","-","S","AG1","","-"
"W74M-JW","W74M25JWTBSQ","256","Mb","104","-","1.7","1.95","-40","125","TFBGA (5x5)","6x8","MM^2","Authentication Flash SPI/Dual/Quad","-","P","AG1","","-"
"W74M-JW","W74M25JWTBSQG","256","Mb","104","-","1.7","1.95","-40","125","TFBGA (5x5)","6x8","MM^2","Authentication Flash SPI/Dual/Quad","-","P","AG1","","-"


